07-Dec-2025 16:02:08.861 INFO [main] org.apache.catalina.startup.VersionLoggerListener.log Имя версии сервера:    Apache Tomcat/11.0.14
07-Dec-2025 16:02:08.866 INFO [main] org.apache.catalina.startup.VersionLoggerListener.log Сервер собран:         Nov 5 2025 19:03:02 UTC
07-Dec-2025 16:02:08.866 INFO [main] org.apache.catalina.startup.VersionLoggerListener.log Номер версии сервера:  11.0.14.0
07-Dec-2025 16:02:08.866 INFO [main] org.apache.catalina.startup.VersionLoggerListener.log OS Name:               Windows 11
07-Dec-2025 16:02:08.866 INFO [main] org.apache.catalina.startup.VersionLoggerListener.log Версия ОС:             10.0
07-Dec-2025 16:02:08.866 INFO [main] org.apache.catalina.startup.VersionLoggerListener.log Архитектура:           amd64
07-Dec-2025 16:02:08.866 INFO [main] org.apache.catalina.startup.VersionLoggerListener.log Java Home:             C:\Users\User\.jdks\openjdk-22.0.2
07-Dec-2025 16:02:08.867 INFO [main] org.apache.catalina.startup.VersionLoggerListener.log Версия JVM:            22.0.2+9-70
07-Dec-2025 16:02:08.867 INFO [main] org.apache.catalina.startup.VersionLoggerListener.log Производитель JVM:     Oracle Corporation
07-Dec-2025 16:02:08.867 INFO [main] org.apache.catalina.startup.VersionLoggerListener.log CATALINA_BASE:         C:\Users\User\IdeaProjects\TourAgency2
07-Dec-2025 16:02:08.867 INFO [main] org.apache.catalina.startup.VersionLoggerListener.log CATALINA_HOME:         C:\Users\User\Tomcat\apache-tomcat-11.0.14
07-Dec-2025 16:02:08.881 INFO [main] org.apache.catalina.startup.VersionLoggerListener.log Command line argument: --add-opens=java.base/java.lang=ALL-UNNAMED
07-Dec-2025 16:02:08.881 INFO [main] org.apache.catalina.startup.VersionLoggerListener.log Command line argument: --add-opens=java.base/java.io=ALL-UNNAMED
07-Dec-2025 16:02:08.882 INFO [main] org.apache.catalina.startup.VersionLoggerListener.log Command line argument: --add-opens=java.base/java.util=ALL-UNNAMED
07-Dec-2025 16:02:08.882 INFO [main] org.apache.catalina.startup.VersionLoggerListener.log Command line argument: --add-opens=java.base/java.util.concurrent=ALL-UNNAMED
07-Dec-2025 16:02:08.882 INFO [main] org.apache.catalina.startup.VersionLoggerListener.log Command line argument: --add-opens=java.rmi/sun.rmi.transport=ALL-UNNAMED
07-Dec-2025 16:02:08.882 INFO [main] org.apache.catalina.startup.VersionLoggerListener.log Command line argument: -Dcatalina.home=C:\Users\User\Tomcat\apache-tomcat-11.0.14
07-Dec-2025 16:02:08.882 INFO [main] org.apache.catalina.startup.VersionLoggerListener.log Command line argument: -Dcatalina.base=C:\Users\User\IdeaProjects\TourAgency2
07-Dec-2025 16:02:08.882 INFO [main] org.apache.catalina.startup.VersionLoggerListener.log Command line argument: -Djava.io.tmpdir=C:\Users\User\IdeaProjects\TourAgency2\temp
07-Dec-2025 16:02:08.882 INFO [main] org.apache.catalina.startup.VersionLoggerListener.log Command line argument: -Djava.util.logging.config.file=C:\Users\User\IdeaProjects\TourAgency2\conf\logging.properties
07-Dec-2025 16:02:08.883 INFO [main] org.apache.catalina.startup.VersionLoggerListener.log Command line argument: -Djava.util.logging.manager=org.apache.juli.ClassLoaderLogManager
07-Dec-2025 16:02:08.883 INFO [main] org.apache.catalina.startup.VersionLoggerListener.log Command line argument: -javaagent:D:\IntelliJ IDEA Community Edition 2024.2.1\lib\idea_rt.jar=53022:D:\IntelliJ IDEA Community Edition 2024.2.1\bin
07-Dec-2025 16:02:08.883 INFO [main] org.apache.catalina.startup.VersionLoggerListener.log Command line argument: -Dfile.encoding=UTF-8
07-Dec-2025 16:02:08.883 INFO [main] org.apache.catalina.startup.VersionLoggerListener.log Command line argument: -Dsun.stdout.encoding=UTF-8
07-Dec-2025 16:02:08.883 INFO [main] org.apache.catalina.startup.VersionLoggerListener.log Command line argument: -Dsun.stderr.encoding=UTF-8
07-Dec-2025 16:02:08.889 INFO [main] org.apache.catalina.core.AprLifecycleListener.lifecycleEvent The Apache Tomcat Native library which allows using OpenSSL was not found on the java.library.path: [C:\Users\User\.jdks\openjdk-22.0.2\bin;C:\WINDOWS\Sun\Java\bin;C:\WINDOWS\system32;C:\WINDOWS;C:\Program Files\Common Files\Oracle\Java\javapath;C:\Program Files (x86)\Common Files\Oracle\Java\javapath;C:\Program Files\Microsoft\jdk-11.0.16.101-hotspot\bin;C:\WINDOWS\system32;C:\WINDOWS;C:\WINDOWS\System32\Wbem;C:\WINDOWS\System32\WindowsPowerShell\v1.0\;C:\WINDOWS\System32\OpenSSH\;C:\Program Files\Microsoft SQL Server\Client SDK\ODBC\170\Tools\Binn\;C:\Program Files\dotnet\;C:\Program Files\PuTTY\;D:\Git\cmd;C:\Node.js\node-v22.20.0-win-x64;D:\cursor\resources\app\bin;D:\Node.js\node-v22.20.0-win-x64\node.exe;D:\Microsoft VS Code\bin;C:\Program Files\Java\jre-1.8\bin;D:\Kiro\bin;.]
07-Dec-2025 16:02:09.212 INFO [main] org.apache.coyote.AbstractProtocol.init Инициализация ProtocolHandler ["http-nio-8080"]
07-Dec-2025 16:02:09.229 INFO [main] org.apache.catalina.startup.Catalina.load Server initialization in [659] milliseconds
07-Dec-2025 16:02:09.285 INFO [main] org.apache.catalina.core.StandardService.startInternal Starting service [Catalina]
07-Dec-2025 16:02:09.285 INFO [main] org.apache.catalina.core.StandardEngine.startInternal Starting Servlet engine: [Apache Tomcat/11.0.14]
07-Dec-2025 16:02:09.300 INFO [main] org.apache.catalina.startup.HostConfig.deployDescriptor Deploying deployment descriptor [C:\Users\User\IdeaProjects\TourAgency2\conf\Catalina\localhost\TourAgency2.xml]
07-Dec-2025 16:02:10.292 INFO [main] org.apache.jasper.servlet.TldScanner.scanJars At least one JAR was scanned for TLDs yet contained no TLDs. Enable debug logging for this logger for a complete list of JARs that were scanned but no TLDs were found in them. Skipping unneeded JARs during scanning can improve startup time and JSP compilation time.
07-Dec-2025 16:02:10.383 INFO [main] org.apache.catalina.startup.HostConfig.deployDescriptor Deployment of deployment descriptor [C:\Users\User\IdeaProjects\TourAgency2\conf\Catalina\localhost\TourAgency2.xml] has finished in [1 081] ms
07-Dec-2025 16:02:10.387 INFO [main] org.apache.coyote.AbstractProtocol.start Starting ProtocolHandler ["http-nio-8080"]
07-Dec-2025 16:02:10.408 INFO [main] org.apache.catalina.startup.Catalina.start Server startup in [1178] milliseconds
07-Dec-2025 16:02:26.011 INFO [Thread-1] org.apache.coyote.AbstractProtocol.pause Pausing ProtocolHandler ["http-nio-8080"]
07-Dec-2025 16:02:26.018 INFO [Thread-1] org.apache.catalina.core.StandardService.stopInternal Stopping service [Catalina]
07-Dec-2025 16:02:26.027 INFO [Thread-1] org.apache.coyote.AbstractProtocol.stop Stopping ProtocolHandler ["http-nio-8080"]
07-Dec-2025 16:02:26.033 INFO [Thread-1] org.apache.coyote.AbstractProtocol.destroy Destroying ProtocolHandler ["http-nio-8080"]
07-Dec-2025 16:06:33.997 INFO [main] org.apache.catalina.startup.VersionLoggerListener.log Имя версии сервера:    Apache Tomcat/11.0.14
07-Dec-2025 16:06:34.003 INFO [main] org.apache.catalina.startup.VersionLoggerListener.log Сервер собран:         Nov 5 2025 19:03:02 UTC
07-Dec-2025 16:06:34.003 INFO [main] org.apache.catalina.startup.VersionLoggerListener.log Номер версии сервера:  11.0.14.0
07-Dec-2025 16:06:34.003 INFO [main] org.apache.catalina.startup.VersionLoggerListener.log OS Name:               Windows 11
07-Dec-2025 16:06:34.004 INFO [main] org.apache.catalina.startup.VersionLoggerListener.log Версия ОС:             10.0
07-Dec-2025 16:06:34.004 INFO [main] org.apache.catalina.startup.VersionLoggerListener.log Архитектура:           amd64
07-Dec-2025 16:06:34.004 INFO [main] org.apache.catalina.startup.VersionLoggerListener.log Java Home:             C:\Users\User\.jdks\openjdk-22.0.2
07-Dec-2025 16:06:34.004 INFO [main] org.apache.catalina.startup.VersionLoggerListener.log Версия JVM:            22.0.2+9-70
07-Dec-2025 16:06:34.004 INFO [main] org.apache.catalina.startup.VersionLoggerListener.log Производитель JVM:     Oracle Corporation
07-Dec-2025 16:06:34.004 INFO [main] org.apache.catalina.startup.VersionLoggerListener.log CATALINA_BASE:         C:\Users\User\IdeaProjects\TourAgency2
07-Dec-2025 16:06:34.004 INFO [main] org.apache.catalina.startup.VersionLoggerListener.log CATALINA_HOME:         C:\Users\User\Tomcat\apache-tomcat-11.0.14
07-Dec-2025 16:06:34.014 INFO [main] org.apache.catalina.startup.VersionLoggerListener.log Command line argument: --add-opens=java.base/java.lang=ALL-UNNAMED
07-Dec-2025 16:06:34.015 INFO [main] org.apache.catalina.startup.VersionLoggerListener.log Command line argument: --add-opens=java.base/java.io=ALL-UNNAMED
07-Dec-2025 16:06:34.015 INFO [main] org.apache.catalina.startup.VersionLoggerListener.log Command line argument: --add-opens=java.base/java.util=ALL-UNNAMED
07-Dec-2025 16:06:34.015 INFO [main] org.apache.catalina.startup.VersionLoggerListener.log Command line argument: --add-opens=java.base/java.util.concurrent=ALL-UNNAMED
07-Dec-2025 16:06:34.015 INFO [main] org.apache.catalina.startup.VersionLoggerListener.log Command line argument: --add-opens=java.rmi/sun.rmi.transport=ALL-UNNAMED
07-Dec-2025 16:06:34.016 INFO [main] org.apache.catalina.startup.VersionLoggerListener.log Command line argument: -Dcatalina.home=C:\Users\User\Tomcat\apache-tomcat-11.0.14
07-Dec-2025 16:06:34.016 INFO [main] org.apache.catalina.startup.VersionLoggerListener.log Command line argument: -Dcatalina.base=C:\Users\User\IdeaProjects\TourAgency2
07-Dec-2025 16:06:34.016 INFO [main] org.apache.catalina.startup.VersionLoggerListener.log Command line argument: -Djava.io.tmpdir=C:\Users\User\IdeaProjects\TourAgency2\temp
07-Dec-2025 16:06:34.016 INFO [main] org.apache.catalina.startup.VersionLoggerListener.log Command line argument: -Djava.util.logging.config.file=C:\Users\User\IdeaProjects\TourAgency2\conf\logging.properties
07-Dec-2025 16:06:34.016 INFO [main] org.apache.catalina.startup.VersionLoggerListener.log Command line argument: -Djava.util.logging.manager=org.apache.juli.ClassLoaderLogManager
07-Dec-2025 16:06:34.017 INFO [main] org.apache.catalina.startup.VersionLoggerListener.log Command line argument: -javaagent:D:\IntelliJ IDEA Community Edition 2024.2.1\lib\idea_rt.jar=59692:D:\IntelliJ IDEA Community Edition 2024.2.1\bin
07-Dec-2025 16:06:34.017 INFO [main] org.apache.catalina.startup.VersionLoggerListener.log Command line argument: -Dfile.encoding=UTF-8
07-Dec-2025 16:06:34.017 INFO [main] org.apache.catalina.startup.VersionLoggerListener.log Command line argument: -Dsun.stdout.encoding=UTF-8
07-Dec-2025 16:06:34.017 INFO [main] org.apache.catalina.startup.VersionLoggerListener.log Command line argument: -Dsun.stderr.encoding=UTF-8
07-Dec-2025 16:06:34.022 INFO [main] org.apache.catalina.core.AprLifecycleListener.lifecycleEvent The Apache Tomcat Native library which allows using OpenSSL was not found on the java.library.path: [C:\Users\User\.jdks\openjdk-22.0.2\bin;C:\WINDOWS\Sun\Java\bin;C:\WINDOWS\system32;C:\WINDOWS;C:\Program Files\Common Files\Oracle\Java\javapath;C:\Program Files (x86)\Common Files\Oracle\Java\javapath;C:\Program Files\Microsoft\jdk-11.0.16.101-hotspot\bin;C:\WINDOWS\system32;C:\WINDOWS;C:\WINDOWS\System32\Wbem;C:\WINDOWS\System32\WindowsPowerShell\v1.0\;C:\WINDOWS\System32\OpenSSH\;C:\Program Files\Microsoft SQL Server\Client SDK\ODBC\170\Tools\Binn\;C:\Program Files\dotnet\;C:\Program Files\PuTTY\;D:\Git\cmd;C:\Node.js\node-v22.20.0-win-x64;D:\cursor\resources\app\bin;D:\Node.js\node-v22.20.0-win-x64\node.exe;D:\Microsoft VS Code\bin;C:\Program Files\Java\jre-1.8\bin;D:\Kiro\bin;.]
07-Dec-2025 16:06:34.376 INFO [main] org.apache.coyote.AbstractProtocol.init Инициализация ProtocolHandler ["http-nio-8080"]
07-Dec-2025 16:06:34.398 INFO [main] org.apache.catalina.startup.Catalina.load Server initialization in [661] milliseconds
07-Dec-2025 16:06:34.449 INFO [main] org.apache.catalina.core.StandardService.startInternal Starting service [Catalina]
07-Dec-2025 16:06:34.449 INFO [main] org.apache.catalina.core.StandardEngine.startInternal Starting Servlet engine: [Apache Tomcat/11.0.14]
07-Dec-2025 16:06:34.462 INFO [main] org.apache.catalina.startup.HostConfig.deployDescriptor Deploying deployment descriptor [C:\Users\User\IdeaProjects\TourAgency2\conf\Catalina\localhost\TourAgency2.xml]
07-Dec-2025 16:06:35.409 INFO [main] org.apache.jasper.servlet.TldScanner.scanJars At least one JAR was scanned for TLDs yet contained no TLDs. Enable debug logging for this logger for a complete list of JARs that were scanned but no TLDs were found in them. Skipping unneeded JARs during scanning can improve startup time and JSP compilation time.
07-Dec-2025 16:06:35.487 INFO [main] org.apache.catalina.startup.HostConfig.deployDescriptor Deployment of deployment descriptor [C:\Users\User\IdeaProjects\TourAgency2\conf\Catalina\localhost\TourAgency2.xml] has finished in [1 022] ms
07-Dec-2025 16:06:35.491 INFO [main] org.apache.coyote.AbstractProtocol.start Starting ProtocolHandler ["http-nio-8080"]
07-Dec-2025 16:06:35.513 INFO [main] org.apache.catalina.startup.Catalina.start Server startup in [1113] milliseconds
07-Dec-2025 16:07:06.430 INFO [Thread-1] org.apache.coyote.AbstractProtocol.pause Pausing ProtocolHandler ["http-nio-8080"]
07-Dec-2025 16:07:06.434 INFO [Thread-1] org.apache.catalina.core.StandardService.stopInternal Stopping service [Catalina]
07-Dec-2025 16:07:06.441 WARNING [Thread-1] org.apache.catalina.loader.WebappClassLoaderBase.clearReferencesJdbc The web application [TourAgency2] registered the JDBC driver [org.postgresql.Driver] but failed to unregister it when the web application was stopped. To prevent a memory leak, the JDBC Driver has been forcibly unregistered.
07-Dec-2025 16:07:06.441 INFO [Thread-1] org.apache.coyote.AbstractProtocol.stop Stopping ProtocolHandler ["http-nio-8080"]
07-Dec-2025 16:07:06.448 INFO [Thread-1] org.apache.coyote.AbstractProtocol.destroy Destroying ProtocolHandler ["http-nio-8080"]
07-Dec-2025 16:07:31.591 INFO [main] org.apache.catalina.startup.VersionLoggerListener.log Имя версии сервера:    Apache Tomcat/11.0.14
07-Dec-2025 16:07:31.606 INFO [main] org.apache.catalina.startup.VersionLoggerListener.log Сервер собран:         Nov 5 2025 19:03:02 UTC
07-Dec-2025 16:07:31.606 INFO [main] org.apache.catalina.startup.VersionLoggerListener.log Номер версии сервера:  11.0.14.0
07-Dec-2025 16:07:31.606 INFO [main] org.apache.catalina.startup.VersionLoggerListener.log OS Name:               Windows 11
07-Dec-2025 16:07:31.606 INFO [main] org.apache.catalina.startup.VersionLoggerListener.log Версия ОС:             10.0
07-Dec-2025 16:07:31.606 INFO [main] org.apache.catalina.startup.VersionLoggerListener.log Архитектура:           amd64
07-Dec-2025 16:07:31.606 INFO [main] org.apache.catalina.startup.VersionLoggerListener.log Java Home:             C:\Users\User\.jdks\openjdk-22.0.2
07-Dec-2025 16:07:31.606 INFO [main] org.apache.catalina.startup.VersionLoggerListener.log Версия JVM:            22.0.2+9-70
07-Dec-2025 16:07:31.606 INFO [main] org.apache.catalina.startup.VersionLoggerListener.log Производитель JVM:     Oracle Corporation
07-Dec-2025 16:07:31.606 INFO [main] org.apache.catalina.startup.VersionLoggerListener.log CATALINA_BASE:         C:\Users\User\IdeaProjects\TourAgency2
07-Dec-2025 16:07:31.606 INFO [main] org.apache.catalina.startup.VersionLoggerListener.log CATALINA_HOME:         C:\Users\User\Tomcat\apache-tomcat-11.0.14
07-Dec-2025 16:07:31.606 INFO [main] org.apache.catalina.startup.VersionLoggerListener.log Command line argument: --add-opens=java.base/java.lang=ALL-UNNAMED
07-Dec-2025 16:07:31.606 INFO [main] org.apache.catalina.startup.VersionLoggerListener.log Command line argument: --add-opens=java.base/java.io=ALL-UNNAMED
07-Dec-2025 16:07:31.606 INFO [main] org.apache.catalina.startup.VersionLoggerListener.log Command line argument: --add-opens=java.base/java.util=ALL-UNNAMED
07-Dec-2025 16:07:31.606 INFO [main] org.apache.catalina.startup.VersionLoggerListener.log Command line argument: --add-opens=java.base/java.util.concurrent=ALL-UNNAMED
07-Dec-2025 16:07:31.606 INFO [main] org.apache.catalina.startup.VersionLoggerListener.log Command line argument: --add-opens=java.rmi/sun.rmi.transport=ALL-UNNAMED
07-Dec-2025 16:07:31.606 INFO [main] org.apache.catalina.startup.VersionLoggerListener.log Command line argument: -Dcatalina.home=C:\Users\User\Tomcat\apache-tomcat-11.0.14
07-Dec-2025 16:07:31.606 INFO [main] org.apache.catalina.startup.VersionLoggerListener.log Command line argument: -Dcatalina.base=C:\Users\User\IdeaProjects\TourAgency2
07-Dec-2025 16:07:31.606 INFO [main] org.apache.catalina.startup.VersionLoggerListener.log Command line argument: -Djava.io.tmpdir=C:\Users\User\IdeaProjects\TourAgency2\temp
07-Dec-2025 16:07:31.606 INFO [main] org.apache.catalina.startup.VersionLoggerListener.log Command line argument: -Djava.util.logging.config.file=C:\Users\User\IdeaProjects\TourAgency2\conf\logging.properties
07-Dec-2025 16:07:31.606 INFO [main] org.apache.catalina.startup.VersionLoggerListener.log Command line argument: -Djava.util.logging.manager=org.apache.juli.ClassLoaderLogManager
07-Dec-2025 16:07:31.606 INFO [main] org.apache.catalina.startup.VersionLoggerListener.log Command line argument: -javaagent:D:\IntelliJ IDEA Community Edition 2024.2.1\lib\idea_rt.jar=59741:D:\IntelliJ IDEA Community Edition 2024.2.1\bin
07-Dec-2025 16:07:31.606 INFO [main] org.apache.catalina.startup.VersionLoggerListener.log Command line argument: -Dfile.encoding=UTF-8
07-Dec-2025 16:07:31.606 INFO [main] org.apache.catalina.startup.VersionLoggerListener.log Command line argument: -Dsun.stdout.encoding=UTF-8
07-Dec-2025 16:07:31.606 INFO [main] org.apache.catalina.startup.VersionLoggerListener.log Command line argument: -Dsun.stderr.encoding=UTF-8
07-Dec-2025 16:07:31.622 INFO [main] org.apache.catalina.core.AprLifecycleListener.lifecycleEvent The Apache Tomcat Native library which allows using OpenSSL was not found on the java.library.path: [C:\Users\User\.jdks\openjdk-22.0.2\bin;C:\WINDOWS\Sun\Java\bin;C:\WINDOWS\system32;C:\WINDOWS;C:\Program Files\Common Files\Oracle\Java\javapath;C:\Program Files (x86)\Common Files\Oracle\Java\javapath;C:\Program Files\Microsoft\jdk-11.0.16.101-hotspot\bin;C:\WINDOWS\system32;C:\WINDOWS;C:\WINDOWS\System32\Wbem;C:\WINDOWS\System32\WindowsPowerShell\v1.0\;C:\WINDOWS\System32\OpenSSH\;C:\Program Files\Microsoft SQL Server\Client SDK\ODBC\170\Tools\Binn\;C:\Program Files\dotnet\;C:\Program Files\PuTTY\;D:\Git\cmd;C:\Node.js\node-v22.20.0-win-x64;D:\cursor\resources\app\bin;D:\Node.js\node-v22.20.0-win-x64\node.exe;D:\Microsoft VS Code\bin;C:\Program Files\Java\jre-1.8\bin;D:\Kiro\bin;.]
07-Dec-2025 16:07:32.014 INFO [main] org.apache.coyote.AbstractProtocol.init Инициализация ProtocolHandler ["http-nio-8080"]
07-Dec-2025 16:07:32.030 INFO [main] org.apache.catalina.startup.Catalina.load Server initialization in [740] milliseconds
07-Dec-2025 16:07:32.093 INFO [main] org.apache.catalina.core.StandardService.startInternal Starting service [Catalina]
07-Dec-2025 16:07:32.093 INFO [main] org.apache.catalina.core.StandardEngine.startInternal Starting Servlet engine: [Apache Tomcat/11.0.14]
07-Dec-2025 16:07:32.108 INFO [main] org.apache.catalina.startup.HostConfig.deployDescriptor Deploying deployment descriptor [C:\Users\User\IdeaProjects\TourAgency2\conf\Catalina\localhost\TourAgency2.xml]
07-Dec-2025 16:07:33.270 INFO [main] org.apache.jasper.servlet.TldScanner.scanJars At least one JAR was scanned for TLDs yet contained no TLDs. Enable debug logging for this logger for a complete list of JARs that were scanned but no TLDs were found in them. Skipping unneeded JARs during scanning can improve startup time and JSP compilation time.
07-Dec-2025 16:07:33.348 INFO [main] org.apache.catalina.startup.HostConfig.deployDescriptor Deployment of deployment descriptor [C:\Users\User\IdeaProjects\TourAgency2\conf\Catalina\localhost\TourAgency2.xml] has finished in [1 240] ms
07-Dec-2025 16:07:33.348 INFO [main] org.apache.coyote.AbstractProtocol.start Starting ProtocolHandler ["http-nio-8080"]
07-Dec-2025 16:07:33.381 INFO [main] org.apache.catalina.startup.Catalina.start Server startup in [1341] milliseconds
07-Dec-2025 16:07:33.546 INFO [Thread-1] org.apache.coyote.AbstractProtocol.pause Pausing ProtocolHandler ["http-nio-8080"]
07-Dec-2025 16:07:33.546 INFO [Thread-1] org.apache.catalina.core.StandardService.stopInternal Stopping service [Catalina]
07-Dec-2025 16:07:33.570 INFO [Thread-1] org.apache.coyote.AbstractProtocol.stop Stopping ProtocolHandler ["http-nio-8080"]
07-Dec-2025 16:07:33.571 INFO [Thread-1] org.apache.coyote.AbstractProtocol.destroy Destroying ProtocolHandler ["http-nio-8080"]
07-Dec-2025 16:09:24.575 INFO [main] org.apache.catalina.startup.VersionLoggerListener.log Имя версии сервера:    Apache Tomcat/11.0.14
07-Dec-2025 16:09:24.579 INFO [main] org.apache.catalina.startup.VersionLoggerListener.log Сервер собран:         Nov 5 2025 19:03:02 UTC
07-Dec-2025 16:09:24.579 INFO [main] org.apache.catalina.startup.VersionLoggerListener.log Номер версии сервера:  11.0.14.0
07-Dec-2025 16:09:24.579 INFO [main] org.apache.catalina.startup.VersionLoggerListener.log OS Name:               Windows 11
07-Dec-2025 16:09:24.580 INFO [main] org.apache.catalina.startup.VersionLoggerListener.log Версия ОС:             10.0
07-Dec-2025 16:09:24.580 INFO [main] org.apache.catalina.startup.VersionLoggerListener.log Архитектура:           amd64
07-Dec-2025 16:09:24.580 INFO [main] org.apache.catalina.startup.VersionLoggerListener.log Java Home:             C:\Users\User\.jdks\openjdk-22.0.2
07-Dec-2025 16:09:24.580 INFO [main] org.apache.catalina.startup.VersionLoggerListener.log Версия JVM:            22.0.2+9-70
07-Dec-2025 16:09:24.580 INFO [main] org.apache.catalina.startup.VersionLoggerListener.log Производитель JVM:     Oracle Corporation
07-Dec-2025 16:09:24.580 INFO [main] org.apache.catalina.startup.VersionLoggerListener.log CATALINA_BASE:         C:\Users\User\IdeaProjects\TourAgency2
07-Dec-2025 16:09:24.580 INFO [main] org.apache.catalina.startup.VersionLoggerListener.log CATALINA_HOME:         C:\Users\User\Tomcat\apache-tomcat-11.0.14
07-Dec-2025 16:09:24.589 INFO [main] org.apache.catalina.startup.VersionLoggerListener.log Command line argument: --add-opens=java.base/java.lang=ALL-UNNAMED
07-Dec-2025 16:09:24.589 INFO [main] org.apache.catalina.startup.VersionLoggerListener.log Command line argument: --add-opens=java.base/java.io=ALL-UNNAMED
07-Dec-2025 16:09:24.589 INFO [main] org.apache.catalina.startup.VersionLoggerListener.log Command line argument: --add-opens=java.base/java.util=ALL-UNNAMED
07-Dec-2025 16:09:24.589 INFO [main] org.apache.catalina.startup.VersionLoggerListener.log Command line argument: --add-opens=java.base/java.util.concurrent=ALL-UNNAMED
07-Dec-2025 16:09:24.589 INFO [main] org.apache.catalina.startup.VersionLoggerListener.log Command line argument: --add-opens=java.rmi/sun.rmi.transport=ALL-UNNAMED
07-Dec-2025 16:09:24.589 INFO [main] org.apache.catalina.startup.VersionLoggerListener.log Command line argument: -Dcatalina.home=C:\Users\User\Tomcat\apache-tomcat-11.0.14
07-Dec-2025 16:09:24.589 INFO [main] org.apache.catalina.startup.VersionLoggerListener.log Command line argument: -Dcatalina.base=C:\Users\User\IdeaProjects\TourAgency2
07-Dec-2025 16:09:24.590 INFO [main] org.apache.catalina.startup.VersionLoggerListener.log Command line argument: -Djava.io.tmpdir=C:\Users\User\IdeaProjects\TourAgency2\temp
07-Dec-2025 16:09:24.590 INFO [main] org.apache.catalina.startup.VersionLoggerListener.log Command line argument: -Djava.util.logging.config.file=C:\Users\User\IdeaProjects\TourAgency2\conf\logging.properties
07-Dec-2025 16:09:24.590 INFO [main] org.apache.catalina.startup.VersionLoggerListener.log Command line argument: -Djava.util.logging.manager=org.apache.juli.ClassLoaderLogManager
07-Dec-2025 16:09:24.590 INFO [main] org.apache.catalina.startup.VersionLoggerListener.log Command line argument: -javaagent:D:\IntelliJ IDEA Community Edition 2024.2.1\lib\idea_rt.jar=60148:D:\IntelliJ IDEA Community Edition 2024.2.1\bin
07-Dec-2025 16:09:24.590 INFO [main] org.apache.catalina.startup.VersionLoggerListener.log Command line argument: -Dfile.encoding=UTF-8
07-Dec-2025 16:09:24.590 INFO [main] org.apache.catalina.startup.VersionLoggerListener.log Command line argument: -Dsun.stdout.encoding=UTF-8
07-Dec-2025 16:09:24.590 INFO [main] org.apache.catalina.startup.VersionLoggerListener.log Command line argument: -Dsun.stderr.encoding=UTF-8
07-Dec-2025 16:09:24.598 INFO [main] org.apache.catalina.core.AprLifecycleListener.lifecycleEvent The Apache Tomcat Native library which allows using OpenSSL was not found on the java.library.path: [C:\Users\User\.jdks\openjdk-22.0.2\bin;C:\WINDOWS\Sun\Java\bin;C:\WINDOWS\system32;C:\WINDOWS;C:\Program Files\Common Files\Oracle\Java\javapath;C:\Program Files (x86)\Common Files\Oracle\Java\javapath;C:\Program Files\Microsoft\jdk-11.0.16.101-hotspot\bin;C:\WINDOWS\system32;C:\WINDOWS;C:\WINDOWS\System32\Wbem;C:\WINDOWS\System32\WindowsPowerShell\v1.0\;C:\WINDOWS\System32\OpenSSH\;C:\Program Files\Microsoft SQL Server\Client SDK\ODBC\170\Tools\Binn\;C:\Program Files\dotnet\;C:\Program Files\PuTTY\;D:\Git\cmd;C:\Node.js\node-v22.20.0-win-x64;D:\cursor\resources\app\bin;D:\Node.js\node-v22.20.0-win-x64\node.exe;D:\Microsoft VS Code\bin;C:\Program Files\Java\jre-1.8\bin;D:\Kiro\bin;.]
07-Dec-2025 16:09:24.923 INFO [main] org.apache.coyote.AbstractProtocol.init Инициализация ProtocolHandler ["http-nio-8080"]
07-Dec-2025 16:09:24.939 INFO [main] org.apache.catalina.startup.Catalina.load Server initialization in [606] milliseconds
07-Dec-2025 16:09:24.998 INFO [main] org.apache.catalina.core.StandardService.startInternal Starting service [Catalina]
07-Dec-2025 16:09:24.998 INFO [main] org.apache.catalina.core.StandardEngine.startInternal Starting Servlet engine: [Apache Tomcat/11.0.14]
07-Dec-2025 16:09:25.013 INFO [main] org.apache.catalina.startup.HostConfig.deployDescriptor Deploying deployment descriptor [C:\Users\User\IdeaProjects\TourAgency2\conf\Catalina\localhost\TourAgency2.xml]
07-Dec-2025 16:09:25.980 INFO [main] org.apache.jasper.servlet.TldScanner.scanJars At least one JAR was scanned for TLDs yet contained no TLDs. Enable debug logging for this logger for a complete list of JARs that were scanned but no TLDs were found in them. Skipping unneeded JARs during scanning can improve startup time and JSP compilation time.
07-Dec-2025 16:09:26.060 INFO [main] org.apache.catalina.startup.HostConfig.deployDescriptor Deployment of deployment descriptor [C:\Users\User\IdeaProjects\TourAgency2\conf\Catalina\localhost\TourAgency2.xml] has finished in [1 045] ms
07-Dec-2025 16:09:26.064 INFO [main] org.apache.coyote.AbstractProtocol.start Starting ProtocolHandler ["http-nio-8080"]
07-Dec-2025 16:09:26.086 INFO [main] org.apache.catalina.startup.Catalina.start Server startup in [1145] milliseconds
07-Dec-2025 16:11:46.869 INFO [Thread-1] org.apache.coyote.AbstractProtocol.pause Pausing ProtocolHandler ["http-nio-8080"]
07-Dec-2025 16:11:46.875 INFO [Thread-1] org.apache.catalina.core.StandardService.stopInternal Stopping service [Catalina]
07-Dec-2025 16:11:46.879 WARNING [Thread-1] org.apache.catalina.loader.WebappClassLoaderBase.clearReferencesJdbc The web application [TourAgency2] registered the JDBC driver [org.postgresql.Driver] but failed to unregister it when the web application was stopped. To prevent a memory leak, the JDBC Driver has been forcibly unregistered.
07-Dec-2025 16:11:46.883 INFO [Thread-1] org.apache.coyote.AbstractProtocol.stop Stopping ProtocolHandler ["http-nio-8080"]
07-Dec-2025 16:11:46.887 INFO [Thread-1] org.apache.coyote.AbstractProtocol.destroy Destroying ProtocolHandler ["http-nio-8080"]
07-Dec-2025 16:12:21.957 INFO [main] org.apache.catalina.startup.VersionLoggerListener.log Имя версии сервера:    Apache Tomcat/11.0.14
07-Dec-2025 16:12:21.961 INFO [main] org.apache.catalina.startup.VersionLoggerListener.log Сервер собран:         Nov 5 2025 19:03:02 UTC
07-Dec-2025 16:12:21.962 INFO [main] org.apache.catalina.startup.VersionLoggerListener.log Номер версии сервера:  11.0.14.0
07-Dec-2025 16:12:21.962 INFO [main] org.apache.catalina.startup.VersionLoggerListener.log OS Name:               Windows 11
07-Dec-2025 16:12:21.962 INFO [main] org.apache.catalina.startup.VersionLoggerListener.log Версия ОС:             10.0
07-Dec-2025 16:12:21.962 INFO [main] org.apache.catalina.startup.VersionLoggerListener.log Архитектура:           amd64
07-Dec-2025 16:12:21.962 INFO [main] org.apache.catalina.startup.VersionLoggerListener.log Java Home:             C:\Users\User\.jdks\openjdk-22.0.2
07-Dec-2025 16:12:21.962 INFO [main] org.apache.catalina.startup.VersionLoggerListener.log Версия JVM:            22.0.2+9-70
07-Dec-2025 16:12:21.962 INFO [main] org.apache.catalina.startup.VersionLoggerListener.log Производитель JVM:     Oracle Corporation
07-Dec-2025 16:12:21.962 INFO [main] org.apache.catalina.startup.VersionLoggerListener.log CATALINA_BASE:         C:\Users\User\IdeaProjects\TourAgency2
07-Dec-2025 16:12:21.962 INFO [main] org.apache.catalina.startup.VersionLoggerListener.log CATALINA_HOME:         C:\Users\User\Tomcat\apache-tomcat-11.0.14
07-Dec-2025 16:12:21.973 INFO [main] org.apache.catalina.startup.VersionLoggerListener.log Command line argument: --add-opens=java.base/java.lang=ALL-UNNAMED
07-Dec-2025 16:12:21.974 INFO [main] org.apache.catalina.startup.VersionLoggerListener.log Command line argument: --add-opens=java.base/java.io=ALL-UNNAMED
07-Dec-2025 16:12:21.974 INFO [main] org.apache.catalina.startup.VersionLoggerListener.log Command line argument: --add-opens=java.base/java.util=ALL-UNNAMED
07-Dec-2025 16:12:21.974 INFO [main] org.apache.catalina.startup.VersionLoggerListener.log Command line argument: --add-opens=java.base/java.util.concurrent=ALL-UNNAMED
07-Dec-2025 16:12:21.974 INFO [main] org.apache.catalina.startup.VersionLoggerListener.log Command line argument: --add-opens=java.rmi/sun.rmi.transport=ALL-UNNAMED
07-Dec-2025 16:12:21.974 INFO [main] org.apache.catalina.startup.VersionLoggerListener.log Command line argument: -Dcatalina.home=C:\Users\User\Tomcat\apache-tomcat-11.0.14
07-Dec-2025 16:12:21.974 INFO [main] org.apache.catalina.startup.VersionLoggerListener.log Command line argument: -Dcatalina.base=C:\Users\User\IdeaProjects\TourAgency2
07-Dec-2025 16:12:21.974 INFO [main] org.apache.catalina.startup.VersionLoggerListener.log Command line argument: -Djava.io.tmpdir=C:\Users\User\IdeaProjects\TourAgency2\temp
07-Dec-2025 16:12:21.974 INFO [main] org.apache.catalina.startup.VersionLoggerListener.log Command line argument: -Djava.util.logging.config.file=C:\Users\User\IdeaProjects\TourAgency2\conf\logging.properties
07-Dec-2025 16:12:21.975 INFO [main] org.apache.catalina.startup.VersionLoggerListener.log Command line argument: -Djava.util.logging.manager=org.apache.juli.ClassLoaderLogManager
07-Dec-2025 16:12:21.975 INFO [main] org.apache.catalina.startup.VersionLoggerListener.log Command line argument: -javaagent:D:\IntelliJ IDEA Community Edition 2024.2.1\lib\idea_rt.jar=60245:D:\IntelliJ IDEA Community Edition 2024.2.1\bin
07-Dec-2025 16:12:21.975 INFO [main] org.apache.catalina.startup.VersionLoggerListener.log Command line argument: -Dfile.encoding=UTF-8
07-Dec-2025 16:12:21.975 INFO [main] org.apache.catalina.startup.VersionLoggerListener.log Command line argument: -Dsun.stdout.encoding=UTF-8
07-Dec-2025 16:12:21.975 INFO [main] org.apache.catalina.startup.VersionLoggerListener.log Command line argument: -Dsun.stderr.encoding=UTF-8
07-Dec-2025 16:12:21.983 INFO [main] org.apache.catalina.core.AprLifecycleListener.lifecycleEvent The Apache Tomcat Native library which allows using OpenSSL was not found on the java.library.path: [C:\Users\User\.jdks\openjdk-22.0.2\bin;C:\WINDOWS\Sun\Java\bin;C:\WINDOWS\system32;C:\WINDOWS;C:\Program Files\Common Files\Oracle\Java\javapath;C:\Program Files (x86)\Common Files\Oracle\Java\javapath;C:\Program Files\Microsoft\jdk-11.0.16.101-hotspot\bin;C:\WINDOWS\system32;C:\WINDOWS;C:\WINDOWS\System32\Wbem;C:\WINDOWS\System32\WindowsPowerShell\v1.0\;C:\WINDOWS\System32\OpenSSH\;C:\Program Files\Microsoft SQL Server\Client SDK\ODBC\170\Tools\Binn\;C:\Program Files\dotnet\;C:\Program Files\PuTTY\;D:\Git\cmd;C:\Node.js\node-v22.20.0-win-x64;D:\cursor\resources\app\bin;D:\Node.js\node-v22.20.0-win-x64\node.exe;D:\Microsoft VS Code\bin;C:\Program Files\Java\jre-1.8\bin;D:\Kiro\bin;.]
07-Dec-2025 16:12:22.341 INFO [main] org.apache.coyote.AbstractProtocol.init Инициализация ProtocolHandler ["http-nio-8080"]
07-Dec-2025 16:12:22.362 INFO [main] org.apache.catalina.startup.Catalina.load Server initialization in [636] milliseconds
07-Dec-2025 16:12:22.417 INFO [main] org.apache.catalina.core.StandardService.startInternal Starting service [Catalina]
07-Dec-2025 16:12:22.417 INFO [main] org.apache.catalina.core.StandardEngine.startInternal Starting Servlet engine: [Apache Tomcat/11.0.14]
07-Dec-2025 16:12:22.430 INFO [main] org.apache.catalina.startup.HostConfig.deployDescriptor Deploying deployment descriptor [C:\Users\User\IdeaProjects\TourAgency2\conf\Catalina\localhost\TourAgency2.xml]
07-Dec-2025 16:12:23.431 INFO [main] org.apache.jasper.servlet.TldScanner.scanJars At least one JAR was scanned for TLDs yet contained no TLDs. Enable debug logging for this logger for a complete list of JARs that were scanned but no TLDs were found in them. Skipping unneeded JARs during scanning can improve startup time and JSP compilation time.
07-Dec-2025 16:12:23.517 INFO [main] org.apache.catalina.startup.HostConfig.deployDescriptor Deployment of deployment descriptor [C:\Users\User\IdeaProjects\TourAgency2\conf\Catalina\localhost\TourAgency2.xml] has finished in [1 085] ms
07-Dec-2025 16:12:23.521 INFO [main] org.apache.coyote.AbstractProtocol.start Starting ProtocolHandler ["http-nio-8080"]
07-Dec-2025 16:12:23.544 INFO [main] org.apache.catalina.startup.Catalina.start Server startup in [1180] milliseconds
07-Dec-2025 16:13:54.236 INFO [Thread-1] org.apache.coyote.AbstractProtocol.pause Pausing ProtocolHandler ["http-nio-8080"]
07-Dec-2025 16:13:54.241 INFO [Thread-1] org.apache.catalina.core.StandardService.stopInternal Stopping service [Catalina]
07-Dec-2025 16:13:54.246 WARNING [Thread-1] org.apache.catalina.loader.WebappClassLoaderBase.clearReferencesJdbc The web application [TourAgency2] registered the JDBC driver [org.postgresql.Driver] but failed to unregister it when the web application was stopped. To prevent a memory leak, the JDBC Driver has been forcibly unregistered.
07-Dec-2025 16:13:54.251 INFO [Thread-1] org.apache.coyote.AbstractProtocol.stop Stopping ProtocolHandler ["http-nio-8080"]
07-Dec-2025 16:13:54.254 INFO [Thread-1] org.apache.coyote.AbstractProtocol.destroy Destroying ProtocolHandler ["http-nio-8080"]
07-Dec-2025 16:14:53.923 INFO [main] org.apache.catalina.startup.VersionLoggerListener.log Имя версии сервера:    Apache Tomcat/11.0.14
07-Dec-2025 16:14:53.939 INFO [main] org.apache.catalina.startup.VersionLoggerListener.log Сервер собран:         Nov 5 2025 19:03:02 UTC
07-Dec-2025 16:14:53.939 INFO [main] org.apache.catalina.startup.VersionLoggerListener.log Номер версии сервера:  11.0.14.0
07-Dec-2025 16:14:53.939 INFO [main] org.apache.catalina.startup.VersionLoggerListener.log OS Name:               Windows 11
07-Dec-2025 16:14:53.939 INFO [main] org.apache.catalina.startup.VersionLoggerListener.log Версия ОС:             10.0
07-Dec-2025 16:14:53.939 INFO [main] org.apache.catalina.startup.VersionLoggerListener.log Архитектура:           amd64
07-Dec-2025 16:14:53.939 INFO [main] org.apache.catalina.startup.VersionLoggerListener.log Java Home:             C:\Users\User\.jdks\openjdk-22.0.2
07-Dec-2025 16:14:53.939 INFO [main] org.apache.catalina.startup.VersionLoggerListener.log Версия JVM:            22.0.2+9-70
07-Dec-2025 16:14:53.939 INFO [main] org.apache.catalina.startup.VersionLoggerListener.log Производитель JVM:     Oracle Corporation
07-Dec-2025 16:14:53.939 INFO [main] org.apache.catalina.startup.VersionLoggerListener.log CATALINA_BASE:         C:\Users\User\IdeaProjects\TourAgency2
07-Dec-2025 16:14:53.939 INFO [main] org.apache.catalina.startup.VersionLoggerListener.log CATALINA_HOME:         C:\Users\User\Tomcat\apache-tomcat-11.0.14
07-Dec-2025 16:14:53.952 INFO [main] org.apache.catalina.startup.VersionLoggerListener.log Command line argument: --add-opens=java.base/java.lang=ALL-UNNAMED
07-Dec-2025 16:14:53.952 INFO [main] org.apache.catalina.startup.VersionLoggerListener.log Command line argument: --add-opens=java.base/java.io=ALL-UNNAMED
07-Dec-2025 16:14:53.952 INFO [main] org.apache.catalina.startup.VersionLoggerListener.log Command line argument: --add-opens=java.base/java.util=ALL-UNNAMED
07-Dec-2025 16:14:53.952 INFO [main] org.apache.catalina.startup.VersionLoggerListener.log Command line argument: --add-opens=java.base/java.util.concurrent=ALL-UNNAMED
07-Dec-2025 16:14:53.952 INFO [main] org.apache.catalina.startup.VersionLoggerListener.log Command line argument: --add-opens=java.rmi/sun.rmi.transport=ALL-UNNAMED
07-Dec-2025 16:14:53.952 INFO [main] org.apache.catalina.startup.VersionLoggerListener.log Command line argument: -Dcatalina.home=C:\Users\User\Tomcat\apache-tomcat-11.0.14
07-Dec-2025 16:14:53.952 INFO [main] org.apache.catalina.startup.VersionLoggerListener.log Command line argument: -Dcatalina.base=C:\Users\User\IdeaProjects\TourAgency2
07-Dec-2025 16:14:53.952 INFO [main] org.apache.catalina.startup.VersionLoggerListener.log Command line argument: -Djava.io.tmpdir=C:\Users\User\IdeaProjects\TourAgency2\temp
07-Dec-2025 16:14:53.952 INFO [main] org.apache.catalina.startup.VersionLoggerListener.log Command line argument: -Djava.util.logging.config.file=C:\Users\User\IdeaProjects\TourAgency2\conf\logging.properties
07-Dec-2025 16:14:53.952 INFO [main] org.apache.catalina.startup.VersionLoggerListener.log Command line argument: -Djava.util.logging.manager=org.apache.juli.ClassLoaderLogManager
07-Dec-2025 16:14:53.952 INFO [main] org.apache.catalina.startup.VersionLoggerListener.log Command line argument: -javaagent:D:\IntelliJ IDEA Community Edition 2024.2.1\lib\idea_rt.jar=60335:D:\IntelliJ IDEA Community Edition 2024.2.1\bin
07-Dec-2025 16:14:53.952 INFO [main] org.apache.catalina.startup.VersionLoggerListener.log Command line argument: -Dfile.encoding=UTF-8
07-Dec-2025 16:14:53.952 INFO [main] org.apache.catalina.startup.VersionLoggerListener.log Command line argument: -Dsun.stdout.encoding=UTF-8
07-Dec-2025 16:14:53.952 INFO [main] org.apache.catalina.startup.VersionLoggerListener.log Command line argument: -Dsun.stderr.encoding=UTF-8
07-Dec-2025 16:14:53.952 INFO [main] org.apache.catalina.core.AprLifecycleListener.lifecycleEvent The Apache Tomcat Native library which allows using OpenSSL was not found on the java.library.path: [C:\Users\User\.jdks\openjdk-22.0.2\bin;C:\WINDOWS\Sun\Java\bin;C:\WINDOWS\system32;C:\WINDOWS;C:\Program Files\Common Files\Oracle\Java\javapath;C:\Program Files (x86)\Common Files\Oracle\Java\javapath;C:\Program Files\Microsoft\jdk-11.0.16.101-hotspot\bin;C:\WINDOWS\system32;C:\WINDOWS;C:\WINDOWS\System32\Wbem;C:\WINDOWS\System32\WindowsPowerShell\v1.0\;C:\WINDOWS\System32\OpenSSH\;C:\Program Files\Microsoft SQL Server\Client SDK\ODBC\170\Tools\Binn\;C:\Program Files\dotnet\;C:\Program Files\PuTTY\;D:\Git\cmd;C:\Node.js\node-v22.20.0-win-x64;D:\cursor\resources\app\bin;D:\Node.js\node-v22.20.0-win-x64\node.exe;D:\Microsoft VS Code\bin;C:\Program Files\Java\jre-1.8\bin;D:\Kiro\bin;.]
07-Dec-2025 16:14:54.344 INFO [main] org.apache.coyote.AbstractProtocol.init Инициализация ProtocolHandler ["http-nio-8080"]
07-Dec-2025 16:14:54.376 INFO [main] org.apache.catalina.startup.Catalina.load Server initialization in [680] milliseconds
07-Dec-2025 16:14:54.439 INFO [main] org.apache.catalina.core.StandardService.startInternal Starting service [Catalina]
07-Dec-2025 16:14:54.439 INFO [main] org.apache.catalina.core.StandardEngine.startInternal Starting Servlet engine: [Apache Tomcat/11.0.14]
07-Dec-2025 16:14:54.455 INFO [main] org.apache.catalina.startup.HostConfig.deployDescriptor Deploying deployment descriptor [C:\Users\User\IdeaProjects\TourAgency2\conf\Catalina\localhost\TourAgency2.xml]
07-Dec-2025 16:14:55.788 INFO [main] org.apache.jasper.servlet.TldScanner.scanJars At least one JAR was scanned for TLDs yet contained no TLDs. Enable debug logging for this logger for a complete list of JARs that were scanned but no TLDs were found in them. Skipping unneeded JARs during scanning can improve startup time and JSP compilation time.
07-Dec-2025 16:14:55.866 INFO [main] org.apache.catalina.startup.HostConfig.deployDescriptor Deployment of deployment descriptor [C:\Users\User\IdeaProjects\TourAgency2\conf\Catalina\localhost\TourAgency2.xml] has finished in [1 411] ms
07-Dec-2025 16:14:55.882 INFO [main] org.apache.coyote.AbstractProtocol.start Starting ProtocolHandler ["http-nio-8080"]
07-Dec-2025 16:14:55.904 INFO [main] org.apache.catalina.startup.Catalina.start Server startup in [1524] milliseconds
07-Dec-2025 16:18:02.971 INFO [Thread-1] org.apache.coyote.AbstractProtocol.pause Pausing ProtocolHandler ["http-nio-8080"]
07-Dec-2025 16:18:02.976 INFO [Thread-1] org.apache.catalina.core.StandardService.stopInternal Stopping service [Catalina]
07-Dec-2025 16:18:02.987 INFO [Thread-1] org.apache.coyote.AbstractProtocol.stop Stopping ProtocolHandler ["http-nio-8080"]
07-Dec-2025 16:18:03.003 INFO [Thread-1] org.apache.coyote.AbstractProtocol.destroy Destroying ProtocolHandler ["http-nio-8080"]
07-Dec-2025 16:21:49.956 INFO [main] org.apache.catalina.startup.VersionLoggerListener.log Имя версии сервера:    Apache Tomcat/11.0.14
07-Dec-2025 16:21:49.962 INFO [main] org.apache.catalina.startup.VersionLoggerListener.log Сервер собран:         Nov 5 2025 19:03:02 UTC
07-Dec-2025 16:21:49.962 INFO [main] org.apache.catalina.startup.VersionLoggerListener.log Номер версии сервера:  11.0.14.0
07-Dec-2025 16:21:49.962 INFO [main] org.apache.catalina.startup.VersionLoggerListener.log OS Name:               Windows 11
07-Dec-2025 16:21:49.962 INFO [main] org.apache.catalina.startup.VersionLoggerListener.log Версия ОС:             10.0
07-Dec-2025 16:21:49.962 INFO [main] org.apache.catalina.startup.VersionLoggerListener.log Архитектура:           amd64
07-Dec-2025 16:21:49.962 INFO [main] org.apache.catalina.startup.VersionLoggerListener.log Java Home:             C:\Users\User\.jdks\openjdk-22.0.2
07-Dec-2025 16:21:49.963 INFO [main] org.apache.catalina.startup.VersionLoggerListener.log Версия JVM:            22.0.2+9-70
07-Dec-2025 16:21:49.963 INFO [main] org.apache.catalina.startup.VersionLoggerListener.log Производитель JVM:     Oracle Corporation
07-Dec-2025 16:21:49.963 INFO [main] org.apache.catalina.startup.VersionLoggerListener.log CATALINA_BASE:         C:\Users\User\IdeaProjects\TourAgency2
07-Dec-2025 16:21:49.963 INFO [main] org.apache.catalina.startup.VersionLoggerListener.log CATALINA_HOME:         C:\Users\User\Tomcat\apache-tomcat-11.0.14
07-Dec-2025 16:21:49.974 INFO [main] org.apache.catalina.startup.VersionLoggerListener.log Command line argument: --add-opens=java.base/java.lang=ALL-UNNAMED
07-Dec-2025 16:21:49.974 INFO [main] org.apache.catalina.startup.VersionLoggerListener.log Command line argument: --add-opens=java.base/java.io=ALL-UNNAMED
07-Dec-2025 16:21:49.975 INFO [main] org.apache.catalina.startup.VersionLoggerListener.log Command line argument: --add-opens=java.base/java.util=ALL-UNNAMED
07-Dec-2025 16:21:49.975 INFO [main] org.apache.catalina.startup.VersionLoggerListener.log Command line argument: --add-opens=java.base/java.util.concurrent=ALL-UNNAMED
07-Dec-2025 16:21:49.975 INFO [main] org.apache.catalina.startup.VersionLoggerListener.log Command line argument: --add-opens=java.rmi/sun.rmi.transport=ALL-UNNAMED
07-Dec-2025 16:21:49.975 INFO [main] org.apache.catalina.startup.VersionLoggerListener.log Command line argument: -Dcatalina.home=C:\Users\User\Tomcat\apache-tomcat-11.0.14
07-Dec-2025 16:21:49.975 INFO [main] org.apache.catalina.startup.VersionLoggerListener.log Command line argument: -Dcatalina.base=C:\Users\User\IdeaProjects\TourAgency2
07-Dec-2025 16:21:49.975 INFO [main] org.apache.catalina.startup.VersionLoggerListener.log Command line argument: -Djava.io.tmpdir=C:\Users\User\IdeaProjects\TourAgency2\temp
07-Dec-2025 16:21:49.975 INFO [main] org.apache.catalina.startup.VersionLoggerListener.log Command line argument: -Djava.util.logging.config.file=C:\Users\User\IdeaProjects\TourAgency2\conf\logging.properties
07-Dec-2025 16:21:49.975 INFO [main] org.apache.catalina.startup.VersionLoggerListener.log Command line argument: -Djava.util.logging.manager=org.apache.juli.ClassLoaderLogManager
07-Dec-2025 16:21:49.976 INFO [main] org.apache.catalina.startup.VersionLoggerListener.log Command line argument: -javaagent:D:\IntelliJ IDEA Community Edition 2024.2.1\lib\idea_rt.jar=56418:D:\IntelliJ IDEA Community Edition 2024.2.1\bin
07-Dec-2025 16:21:49.976 INFO [main] org.apache.catalina.startup.VersionLoggerListener.log Command line argument: -Dfile.encoding=UTF-8
07-Dec-2025 16:21:49.976 INFO [main] org.apache.catalina.startup.VersionLoggerListener.log Command line argument: -Dsun.stdout.encoding=UTF-8
07-Dec-2025 16:21:49.976 INFO [main] org.apache.catalina.startup.VersionLoggerListener.log Command line argument: -Dsun.stderr.encoding=UTF-8
07-Dec-2025 16:21:49.983 INFO [main] org.apache.catalina.core.AprLifecycleListener.lifecycleEvent The Apache Tomcat Native library which allows using OpenSSL was not found on the java.library.path: [C:\Users\User\.jdks\openjdk-22.0.2\bin;C:\WINDOWS\Sun\Java\bin;C:\WINDOWS\system32;C:\WINDOWS;C:\Program Files\Common Files\Oracle\Java\javapath;C:\Program Files (x86)\Common Files\Oracle\Java\javapath;C:\Program Files\Microsoft\jdk-11.0.16.101-hotspot\bin;C:\WINDOWS\system32;C:\WINDOWS;C:\WINDOWS\System32\Wbem;C:\WINDOWS\System32\WindowsPowerShell\v1.0\;C:\WINDOWS\System32\OpenSSH\;C:\Program Files\Microsoft SQL Server\Client SDK\ODBC\170\Tools\Binn\;C:\Program Files\dotnet\;C:\Program Files\PuTTY\;D:\Git\cmd;C:\Node.js\node-v22.20.0-win-x64;D:\cursor\resources\app\bin;D:\Node.js\node-v22.20.0-win-x64\node.exe;D:\Microsoft VS Code\bin;C:\Program Files\Java\jre-1.8\bin;D:\Kiro\bin;.]
07-Dec-2025 16:21:50.329 INFO [main] org.apache.coyote.AbstractProtocol.init Инициализация ProtocolHandler ["http-nio-8080"]
07-Dec-2025 16:21:50.351 INFO [main] org.apache.catalina.startup.Catalina.load Server initialization in [697] milliseconds
07-Dec-2025 16:21:50.407 INFO [main] org.apache.catalina.core.StandardService.startInternal Starting service [Catalina]
07-Dec-2025 16:21:50.407 INFO [main] org.apache.catalina.core.StandardEngine.startInternal Starting Servlet engine: [Apache Tomcat/11.0.14]
07-Dec-2025 16:21:50.420 INFO [main] org.apache.catalina.startup.HostConfig.deployDescriptor Deploying deployment descriptor [C:\Users\User\IdeaProjects\TourAgency2\conf\Catalina\localhost\TourAgency2.xml]
07-Dec-2025 16:21:51.427 INFO [main] org.apache.jasper.servlet.TldScanner.scanJars At least one JAR was scanned for TLDs yet contained no TLDs. Enable debug logging for this logger for a complete list of JARs that were scanned but no TLDs were found in them. Skipping unneeded JARs during scanning can improve startup time and JSP compilation time.
07-Dec-2025 16:21:51.515 INFO [main] org.apache.catalina.startup.HostConfig.deployDescriptor Deployment of deployment descriptor [C:\Users\User\IdeaProjects\TourAgency2\conf\Catalina\localhost\TourAgency2.xml] has finished in [1 093] ms
07-Dec-2025 16:21:51.519 INFO [main] org.apache.coyote.AbstractProtocol.start Starting ProtocolHandler ["http-nio-8080"]
07-Dec-2025 16:21:51.542 INFO [main] org.apache.catalina.startup.Catalina.start Server startup in [1190] milliseconds
07-Dec-2025 16:25:01.659 INFO [Catalina-utility-2] org.apache.catalina.startup.HostConfig.reload Reloading context [/TourAgency2]
07-Dec-2025 16:25:01.659 INFO [Catalina-utility-2] org.apache.catalina.core.StandardContext.reload Reloading Context with name [/TourAgency2] has started
07-Dec-2025 16:25:01.659 WARNING [Catalina-utility-2] org.apache.catalina.loader.WebappClassLoaderBase.clearReferencesJdbc The web application [TourAgency2] registered the JDBC driver [org.postgresql.Driver] but failed to unregister it when the web application was stopped. To prevent a memory leak, the JDBC Driver has been forcibly unregistered.
07-Dec-2025 16:25:02.399 INFO [Catalina-utility-2] org.apache.jasper.servlet.TldScanner.scanJars At least one JAR was scanned for TLDs yet contained no TLDs. Enable debug logging for this logger for a complete list of JARs that were scanned but no TLDs were found in them. Skipping unneeded JARs during scanning can improve startup time and JSP compilation time.
07-Dec-2025 16:25:02.455 INFO [Catalina-utility-2] org.apache.catalina.core.StandardContext.reload Reloading Context with name [/TourAgency2] is completed
07-Dec-2025 16:25:12.470 INFO [Catalina-utility-2] org.apache.catalina.startup.HostConfig.reload Reloading context [/TourAgency2]
07-Dec-2025 16:25:12.470 INFO [Catalina-utility-2] org.apache.catalina.core.StandardContext.reload Reloading Context with name [/TourAgency2] has started
07-Dec-2025 16:25:13.033 INFO [Catalina-utility-2] org.apache.jasper.servlet.TldScanner.scanJars At least one JAR was scanned for TLDs yet contained no TLDs. Enable debug logging for this logger for a complete list of JARs that were scanned but no TLDs were found in them. Skipping unneeded JARs during scanning can improve startup time and JSP compilation time.
07-Dec-2025 16:25:13.065 INFO [Catalina-utility-2] org.apache.catalina.core.StandardContext.reload Reloading Context with name [/TourAgency2] is completed
07-Dec-2025 16:25:23.081 INFO [Catalina-utility-2] org.apache.catalina.startup.HostConfig.reload Reloading context [/TourAgency2]
07-Dec-2025 16:25:23.081 INFO [Catalina-utility-2] org.apache.catalina.core.StandardContext.reload Reloading Context with name [/TourAgency2] has started
07-Dec-2025 16:25:23.691 INFO [Catalina-utility-2] org.apache.jasper.servlet.TldScanner.scanJars At least one JAR was scanned for TLDs yet contained no TLDs. Enable debug logging for this logger for a complete list of JARs that were scanned but no TLDs were found in them. Skipping unneeded JARs during scanning can improve startup time and JSP compilation time.
07-Dec-2025 16:25:23.726 INFO [Catalina-utility-2] org.apache.catalina.core.StandardContext.reload Reloading Context with name [/TourAgency2] is completed
07-Dec-2025 16:26:41.976 INFO [Thread-1] org.apache.coyote.AbstractProtocol.pause Pausing ProtocolHandler ["http-nio-8080"]
07-Dec-2025 16:26:41.982 INFO [Thread-1] org.apache.catalina.core.StandardService.stopInternal Stopping service [Catalina]
07-Dec-2025 16:26:41.985 INFO [Thread-1] org.apache.coyote.AbstractProtocol.stop Stopping ProtocolHandler ["http-nio-8080"]
07-Dec-2025 16:26:41.989 INFO [Thread-1] org.apache.coyote.AbstractProtocol.destroy Destroying ProtocolHandler ["http-nio-8080"]
07-Dec-2025 16:26:46.034 INFO [main] org.apache.catalina.startup.VersionLoggerListener.log Имя версии сервера:    Apache Tomcat/11.0.14
07-Dec-2025 16:26:46.038 INFO [main] org.apache.catalina.startup.VersionLoggerListener.log Сервер собран:         Nov 5 2025 19:03:02 UTC
07-Dec-2025 16:26:46.038 INFO [main] org.apache.catalina.startup.VersionLoggerListener.log Номер версии сервера:  11.0.14.0
07-Dec-2025 16:26:46.038 INFO [main] org.apache.catalina.startup.VersionLoggerListener.log OS Name:               Windows 11
07-Dec-2025 16:26:46.039 INFO [main] org.apache.catalina.startup.VersionLoggerListener.log Версия ОС:             10.0
07-Dec-2025 16:26:46.039 INFO [main] org.apache.catalina.startup.VersionLoggerListener.log Архитектура:           amd64
07-Dec-2025 16:26:46.039 INFO [main] org.apache.catalina.startup.VersionLoggerListener.log Java Home:             C:\Users\User\.jdks\openjdk-22.0.2
07-Dec-2025 16:26:46.039 INFO [main] org.apache.catalina.startup.VersionLoggerListener.log Версия JVM:            22.0.2+9-70
07-Dec-2025 16:26:46.039 INFO [main] org.apache.catalina.startup.VersionLoggerListener.log Производитель JVM:     Oracle Corporation
07-Dec-2025 16:26:46.039 INFO [main] org.apache.catalina.startup.VersionLoggerListener.log CATALINA_BASE:         C:\Users\User\IdeaProjects\TourAgency2
07-Dec-2025 16:26:46.040 INFO [main] org.apache.catalina.startup.VersionLoggerListener.log CATALINA_HOME:         C:\Users\User\Tomcat\apache-tomcat-11.0.14
07-Dec-2025 16:26:46.050 INFO [main] org.apache.catalina.startup.VersionLoggerListener.log Command line argument: --add-opens=java.base/java.lang=ALL-UNNAMED
07-Dec-2025 16:26:46.051 INFO [main] org.apache.catalina.startup.VersionLoggerListener.log Command line argument: --add-opens=java.base/java.io=ALL-UNNAMED
07-Dec-2025 16:26:46.051 INFO [main] org.apache.catalina.startup.VersionLoggerListener.log Command line argument: --add-opens=java.base/java.util=ALL-UNNAMED
07-Dec-2025 16:26:46.051 INFO [main] org.apache.catalina.startup.VersionLoggerListener.log Command line argument: --add-opens=java.base/java.util.concurrent=ALL-UNNAMED
07-Dec-2025 16:26:46.051 INFO [main] org.apache.catalina.startup.VersionLoggerListener.log Command line argument: --add-opens=java.rmi/sun.rmi.transport=ALL-UNNAMED
07-Dec-2025 16:26:46.051 INFO [main] org.apache.catalina.startup.VersionLoggerListener.log Command line argument: -Dcatalina.home=C:\Users\User\Tomcat\apache-tomcat-11.0.14
07-Dec-2025 16:26:46.051 INFO [main] org.apache.catalina.startup.VersionLoggerListener.log Command line argument: -Dcatalina.base=C:\Users\User\IdeaProjects\TourAgency2
07-Dec-2025 16:26:46.052 INFO [main] org.apache.catalina.startup.VersionLoggerListener.log Command line argument: -Djava.io.tmpdir=C:\Users\User\IdeaProjects\TourAgency2\temp
07-Dec-2025 16:26:46.052 INFO [main] org.apache.catalina.startup.VersionLoggerListener.log Command line argument: -Djava.util.logging.config.file=C:\Users\User\IdeaProjects\TourAgency2\conf\logging.properties
07-Dec-2025 16:26:46.052 INFO [main] org.apache.catalina.startup.VersionLoggerListener.log Command line argument: -Djava.util.logging.manager=org.apache.juli.ClassLoaderLogManager
07-Dec-2025 16:26:46.052 INFO [main] org.apache.catalina.startup.VersionLoggerListener.log Command line argument: -javaagent:D:\IntelliJ IDEA Community Edition 2024.2.1\lib\idea_rt.jar=56654:D:\IntelliJ IDEA Community Edition 2024.2.1\bin
07-Dec-2025 16:26:46.052 INFO [main] org.apache.catalina.startup.VersionLoggerListener.log Command line argument: -Dfile.encoding=UTF-8
07-Dec-2025 16:26:46.052 INFO [main] org.apache.catalina.startup.VersionLoggerListener.log Command line argument: -Dsun.stdout.encoding=UTF-8
07-Dec-2025 16:26:46.052 INFO [main] org.apache.catalina.startup.VersionLoggerListener.log Command line argument: -Dsun.stderr.encoding=UTF-8
07-Dec-2025 16:26:46.058 INFO [main] org.apache.catalina.core.AprLifecycleListener.lifecycleEvent The Apache Tomcat Native library which allows using OpenSSL was not found on the java.library.path: [C:\Users\User\.jdks\openjdk-22.0.2\bin;C:\WINDOWS\Sun\Java\bin;C:\WINDOWS\system32;C:\WINDOWS;C:\Program Files\Common Files\Oracle\Java\javapath;C:\Program Files (x86)\Common Files\Oracle\Java\javapath;C:\Program Files\Microsoft\jdk-11.0.16.101-hotspot\bin;C:\WINDOWS\system32;C:\WINDOWS;C:\WINDOWS\System32\Wbem;C:\WINDOWS\System32\WindowsPowerShell\v1.0\;C:\WINDOWS\System32\OpenSSH\;C:\Program Files\Microsoft SQL Server\Client SDK\ODBC\170\Tools\Binn\;C:\Program Files\dotnet\;C:\Program Files\PuTTY\;D:\Git\cmd;C:\Node.js\node-v22.20.0-win-x64;D:\cursor\resources\app\bin;D:\Node.js\node-v22.20.0-win-x64\node.exe;D:\Microsoft VS Code\bin;C:\Program Files\Java\jre-1.8\bin;D:\Kiro\bin;.]
07-Dec-2025 16:26:46.402 INFO [main] org.apache.coyote.AbstractProtocol.init Инициализация ProtocolHandler ["http-nio-8080"]
07-Dec-2025 16:26:46.422 INFO [main] org.apache.catalina.startup.Catalina.load Server initialization in [612] milliseconds
07-Dec-2025 16:26:46.473 INFO [main] org.apache.catalina.core.StandardService.startInternal Starting service [Catalina]
07-Dec-2025 16:26:46.473 INFO [main] org.apache.catalina.core.StandardEngine.startInternal Starting Servlet engine: [Apache Tomcat/11.0.14]
07-Dec-2025 16:26:46.483 INFO [main] org.apache.catalina.startup.HostConfig.deployDescriptor Deploying deployment descriptor [C:\Users\User\IdeaProjects\TourAgency2\conf\Catalina\localhost\TourAgency2.xml]
07-Dec-2025 16:26:47.443 INFO [main] org.apache.jasper.servlet.TldScanner.scanJars At least one JAR was scanned for TLDs yet contained no TLDs. Enable debug logging for this logger for a complete list of JARs that were scanned but no TLDs were found in them. Skipping unneeded JARs during scanning can improve startup time and JSP compilation time.
07-Dec-2025 16:26:47.519 INFO [main] org.apache.catalina.startup.HostConfig.deployDescriptor Deployment of deployment descriptor [C:\Users\User\IdeaProjects\TourAgency2\conf\Catalina\localhost\TourAgency2.xml] has finished in [1 034] ms
07-Dec-2025 16:26:47.523 INFO [main] org.apache.coyote.AbstractProtocol.start Starting ProtocolHandler ["http-nio-8080"]
07-Dec-2025 16:26:47.545 INFO [main] org.apache.catalina.startup.Catalina.start Server startup in [1121] milliseconds
07-Dec-2025 16:27:24.721 INFO [Thread-1] org.apache.coyote.AbstractProtocol.pause Pausing ProtocolHandler ["http-nio-8080"]
07-Dec-2025 16:27:24.726 INFO [Thread-1] org.apache.catalina.core.StandardService.stopInternal Stopping service [Catalina]
07-Dec-2025 16:27:24.731 WARNING [Thread-1] org.apache.catalina.loader.WebappClassLoaderBase.clearReferencesJdbc The web application [TourAgency2] registered the JDBC driver [org.postgresql.Driver] but failed to unregister it when the web application was stopped. To prevent a memory leak, the JDBC Driver has been forcibly unregistered.
07-Dec-2025 16:27:24.736 INFO [Thread-1] org.apache.coyote.AbstractProtocol.stop Stopping ProtocolHandler ["http-nio-8080"]
07-Dec-2025 16:27:24.740 INFO [Thread-1] org.apache.coyote.AbstractProtocol.destroy Destroying ProtocolHandler ["http-nio-8080"]
07-Dec-2025 16:27:52.562 INFO [main] org.apache.catalina.startup.VersionLoggerListener.log Имя версии сервера:    Apache Tomcat/11.0.14
07-Dec-2025 16:27:52.568 INFO [main] org.apache.catalina.startup.VersionLoggerListener.log Сервер собран:         Nov 5 2025 19:03:02 UTC
07-Dec-2025 16:27:52.568 INFO [main] org.apache.catalina.startup.VersionLoggerListener.log Номер версии сервера:  11.0.14.0
07-Dec-2025 16:27:52.568 INFO [main] org.apache.catalina.startup.VersionLoggerListener.log OS Name:               Windows 11
07-Dec-2025 16:27:52.568 INFO [main] org.apache.catalina.startup.VersionLoggerListener.log Версия ОС:             10.0
07-Dec-2025 16:27:52.568 INFO [main] org.apache.catalina.startup.VersionLoggerListener.log Архитектура:           amd64
07-Dec-2025 16:27:52.568 INFO [main] org.apache.catalina.startup.VersionLoggerListener.log Java Home:             C:\Users\User\.jdks\openjdk-22.0.2
07-Dec-2025 16:27:52.568 INFO [main] org.apache.catalina.startup.VersionLoggerListener.log Версия JVM:            22.0.2+9-70
07-Dec-2025 16:27:52.568 INFO [main] org.apache.catalina.startup.VersionLoggerListener.log Производитель JVM:     Oracle Corporation
07-Dec-2025 16:27:52.568 INFO [main] org.apache.catalina.startup.VersionLoggerListener.log CATALINA_BASE:         C:\Users\User\IdeaProjects\TourAgency2
07-Dec-2025 16:27:52.568 INFO [main] org.apache.catalina.startup.VersionLoggerListener.log CATALINA_HOME:         C:\Users\User\Tomcat\apache-tomcat-11.0.14
07-Dec-2025 16:27:52.577 INFO [main] org.apache.catalina.startup.VersionLoggerListener.log Command line argument: --add-opens=java.base/java.lang=ALL-UNNAMED
07-Dec-2025 16:27:52.577 INFO [main] org.apache.catalina.startup.VersionLoggerListener.log Command line argument: --add-opens=java.base/java.io=ALL-UNNAMED
07-Dec-2025 16:27:52.577 INFO [main] org.apache.catalina.startup.VersionLoggerListener.log Command line argument: --add-opens=java.base/java.util=ALL-UNNAMED
07-Dec-2025 16:27:52.578 INFO [main] org.apache.catalina.startup.VersionLoggerListener.log Command line argument: --add-opens=java.base/java.util.concurrent=ALL-UNNAMED
07-Dec-2025 16:27:52.578 INFO [main] org.apache.catalina.startup.VersionLoggerListener.log Command line argument: --add-opens=java.rmi/sun.rmi.transport=ALL-UNNAMED
07-Dec-2025 16:27:52.578 INFO [main] org.apache.catalina.startup.VersionLoggerListener.log Command line argument: -Dcatalina.home=C:\Users\User\Tomcat\apache-tomcat-11.0.14
07-Dec-2025 16:27:52.578 INFO [main] org.apache.catalina.startup.VersionLoggerListener.log Command line argument: -Dcatalina.base=C:\Users\User\IdeaProjects\TourAgency2
07-Dec-2025 16:27:52.578 INFO [main] org.apache.catalina.startup.VersionLoggerListener.log Command line argument: -Djava.io.tmpdir=C:\Users\User\IdeaProjects\TourAgency2\temp
07-Dec-2025 16:27:52.578 INFO [main] org.apache.catalina.startup.VersionLoggerListener.log Command line argument: -Djava.util.logging.config.file=C:\Users\User\IdeaProjects\TourAgency2\conf\logging.properties
07-Dec-2025 16:27:52.578 INFO [main] org.apache.catalina.startup.VersionLoggerListener.log Command line argument: -Djava.util.logging.manager=org.apache.juli.ClassLoaderLogManager
07-Dec-2025 16:27:52.578 INFO [main] org.apache.catalina.startup.VersionLoggerListener.log Command line argument: -javaagent:D:\IntelliJ IDEA Community Edition 2024.2.1\lib\idea_rt.jar=56696:D:\IntelliJ IDEA Community Edition 2024.2.1\bin
07-Dec-2025 16:27:52.578 INFO [main] org.apache.catalina.startup.VersionLoggerListener.log Command line argument: -Dfile.encoding=UTF-8
07-Dec-2025 16:27:52.578 INFO [main] org.apache.catalina.startup.VersionLoggerListener.log Command line argument: -Dsun.stdout.encoding=UTF-8
07-Dec-2025 16:27:52.579 INFO [main] org.apache.catalina.startup.VersionLoggerListener.log Command line argument: -Dsun.stderr.encoding=UTF-8
07-Dec-2025 16:27:52.584 INFO [main] org.apache.catalina.core.AprLifecycleListener.lifecycleEvent The Apache Tomcat Native library which allows using OpenSSL was not found on the java.library.path: [C:\Users\User\.jdks\openjdk-22.0.2\bin;C:\WINDOWS\Sun\Java\bin;C:\WINDOWS\system32;C:\WINDOWS;C:\Program Files\Common Files\Oracle\Java\javapath;C:\Program Files (x86)\Common Files\Oracle\Java\javapath;C:\Program Files\Microsoft\jdk-11.0.16.101-hotspot\bin;C:\WINDOWS\system32;C:\WINDOWS;C:\WINDOWS\System32\Wbem;C:\WINDOWS\System32\WindowsPowerShell\v1.0\;C:\WINDOWS\System32\OpenSSH\;C:\Program Files\Microsoft SQL Server\Client SDK\ODBC\170\Tools\Binn\;C:\Program Files\dotnet\;C:\Program Files\PuTTY\;D:\Git\cmd;C:\Node.js\node-v22.20.0-win-x64;D:\cursor\resources\app\bin;D:\Node.js\node-v22.20.0-win-x64\node.exe;D:\Microsoft VS Code\bin;C:\Program Files\Java\jre-1.8\bin;D:\Kiro\bin;.]
07-Dec-2025 16:27:52.933 INFO [main] org.apache.coyote.AbstractProtocol.init Инициализация ProtocolHandler ["http-nio-8080"]
07-Dec-2025 16:27:52.954 INFO [main] org.apache.catalina.startup.Catalina.load Server initialization in [632] milliseconds
07-Dec-2025 16:27:53.018 INFO [main] org.apache.catalina.core.StandardService.startInternal Starting service [Catalina]
07-Dec-2025 16:27:53.019 INFO [main] org.apache.catalina.core.StandardEngine.startInternal Starting Servlet engine: [Apache Tomcat/11.0.14]
07-Dec-2025 16:27:53.031 INFO [main] org.apache.catalina.startup.HostConfig.deployDescriptor Deploying deployment descriptor [C:\Users\User\IdeaProjects\TourAgency2\conf\Catalina\localhost\TourAgency2.xml]
07-Dec-2025 16:27:54.040 INFO [main] org.apache.jasper.servlet.TldScanner.scanJars At least one JAR was scanned for TLDs yet contained no TLDs. Enable debug logging for this logger for a complete list of JARs that were scanned but no TLDs were found in them. Skipping unneeded JARs during scanning can improve startup time and JSP compilation time.
07-Dec-2025 16:27:54.133 INFO [main] org.apache.catalina.startup.HostConfig.deployDescriptor Deployment of deployment descriptor [C:\Users\User\IdeaProjects\TourAgency2\conf\Catalina\localhost\TourAgency2.xml] has finished in [1 099] ms
07-Dec-2025 16:27:54.138 INFO [main] org.apache.coyote.AbstractProtocol.start Starting ProtocolHandler ["http-nio-8080"]
07-Dec-2025 16:27:54.161 INFO [main] org.apache.catalina.startup.Catalina.start Server startup in [1205] milliseconds
07-Dec-2025 16:28:33.491 INFO [Thread-1] org.apache.coyote.AbstractProtocol.pause Pausing ProtocolHandler ["http-nio-8080"]
07-Dec-2025 16:28:33.496 INFO [Thread-1] org.apache.catalina.core.StandardService.stopInternal Stopping service [Catalina]
07-Dec-2025 16:28:33.500 WARNING [Thread-1] org.apache.catalina.loader.WebappClassLoaderBase.clearReferencesJdbc The web application [TourAgency2] registered the JDBC driver [org.postgresql.Driver] but failed to unregister it when the web application was stopped. To prevent a memory leak, the JDBC Driver has been forcibly unregistered.
07-Dec-2025 16:28:33.503 INFO [Thread-1] org.apache.coyote.AbstractProtocol.stop Stopping ProtocolHandler ["http-nio-8080"]
07-Dec-2025 16:28:33.508 INFO [Thread-1] org.apache.coyote.AbstractProtocol.destroy Destroying ProtocolHandler ["http-nio-8080"]
07-Dec-2025 16:28:36.285 INFO [main] org.apache.catalina.startup.VersionLoggerListener.log Имя версии сервера:    Apache Tomcat/11.0.14
07-Dec-2025 16:28:36.290 INFO [main] org.apache.catalina.startup.VersionLoggerListener.log Сервер собран:         Nov 5 2025 19:03:02 UTC
07-Dec-2025 16:28:36.290 INFO [main] org.apache.catalina.startup.VersionLoggerListener.log Номер версии сервера:  11.0.14.0
07-Dec-2025 16:28:36.290 INFO [main] org.apache.catalina.startup.VersionLoggerListener.log OS Name:               Windows 11
07-Dec-2025 16:28:36.290 INFO [main] org.apache.catalina.startup.VersionLoggerListener.log Версия ОС:             10.0
07-Dec-2025 16:28:36.290 INFO [main] org.apache.catalina.startup.VersionLoggerListener.log Архитектура:           amd64
07-Dec-2025 16:28:36.290 INFO [main] org.apache.catalina.startup.VersionLoggerListener.log Java Home:             C:\Users\User\.jdks\openjdk-22.0.2
07-Dec-2025 16:28:36.290 INFO [main] org.apache.catalina.startup.VersionLoggerListener.log Версия JVM:            22.0.2+9-70
07-Dec-2025 16:28:36.291 INFO [main] org.apache.catalina.startup.VersionLoggerListener.log Производитель JVM:     Oracle Corporation
07-Dec-2025 16:28:36.291 INFO [main] org.apache.catalina.startup.VersionLoggerListener.log CATALINA_BASE:         C:\Users\User\IdeaProjects\TourAgency2
07-Dec-2025 16:28:36.291 INFO [main] org.apache.catalina.startup.VersionLoggerListener.log CATALINA_HOME:         C:\Users\User\Tomcat\apache-tomcat-11.0.14
07-Dec-2025 16:28:36.301 INFO [main] org.apache.catalina.startup.VersionLoggerListener.log Command line argument: --add-opens=java.base/java.lang=ALL-UNNAMED
07-Dec-2025 16:28:36.301 INFO [main] org.apache.catalina.startup.VersionLoggerListener.log Command line argument: --add-opens=java.base/java.io=ALL-UNNAMED
07-Dec-2025 16:28:36.301 INFO [main] org.apache.catalina.startup.VersionLoggerListener.log Command line argument: --add-opens=java.base/java.util=ALL-UNNAMED
07-Dec-2025 16:28:36.301 INFO [main] org.apache.catalina.startup.VersionLoggerListener.log Command line argument: --add-opens=java.base/java.util.concurrent=ALL-UNNAMED
07-Dec-2025 16:28:36.301 INFO [main] org.apache.catalina.startup.VersionLoggerListener.log Command line argument: --add-opens=java.rmi/sun.rmi.transport=ALL-UNNAMED
07-Dec-2025 16:28:36.302 INFO [main] org.apache.catalina.startup.VersionLoggerListener.log Command line argument: -Dcatalina.home=C:\Users\User\Tomcat\apache-tomcat-11.0.14
07-Dec-2025 16:28:36.302 INFO [main] org.apache.catalina.startup.VersionLoggerListener.log Command line argument: -Dcatalina.base=C:\Users\User\IdeaProjects\TourAgency2
07-Dec-2025 16:28:36.302 INFO [main] org.apache.catalina.startup.VersionLoggerListener.log Command line argument: -Djava.io.tmpdir=C:\Users\User\IdeaProjects\TourAgency2\temp
07-Dec-2025 16:28:36.302 INFO [main] org.apache.catalina.startup.VersionLoggerListener.log Command line argument: -Djava.util.logging.config.file=C:\Users\User\IdeaProjects\TourAgency2\conf\logging.properties
07-Dec-2025 16:28:36.302 INFO [main] org.apache.catalina.startup.VersionLoggerListener.log Command line argument: -Djava.util.logging.manager=org.apache.juli.ClassLoaderLogManager
07-Dec-2025 16:28:36.302 INFO [main] org.apache.catalina.startup.VersionLoggerListener.log Command line argument: -javaagent:D:\IntelliJ IDEA Community Edition 2024.2.1\lib\idea_rt.jar=56726:D:\IntelliJ IDEA Community Edition 2024.2.1\bin
07-Dec-2025 16:28:36.303 INFO [main] org.apache.catalina.startup.VersionLoggerListener.log Command line argument: -Dfile.encoding=UTF-8
07-Dec-2025 16:28:36.303 INFO [main] org.apache.catalina.startup.VersionLoggerListener.log Command line argument: -Dsun.stdout.encoding=UTF-8
07-Dec-2025 16:28:36.303 INFO [main] org.apache.catalina.startup.VersionLoggerListener.log Command line argument: -Dsun.stderr.encoding=UTF-8
07-Dec-2025 16:28:36.309 INFO [main] org.apache.catalina.core.AprLifecycleListener.lifecycleEvent The Apache Tomcat Native library which allows using OpenSSL was not found on the java.library.path: [C:\Users\User\.jdks\openjdk-22.0.2\bin;C:\WINDOWS\Sun\Java\bin;C:\WINDOWS\system32;C:\WINDOWS;C:\Program Files\Common Files\Oracle\Java\javapath;C:\Program Files (x86)\Common Files\Oracle\Java\javapath;C:\Program Files\Microsoft\jdk-11.0.16.101-hotspot\bin;C:\WINDOWS\system32;C:\WINDOWS;C:\WINDOWS\System32\Wbem;C:\WINDOWS\System32\WindowsPowerShell\v1.0\;C:\WINDOWS\System32\OpenSSH\;C:\Program Files\Microsoft SQL Server\Client SDK\ODBC\170\Tools\Binn\;C:\Program Files\dotnet\;C:\Program Files\PuTTY\;D:\Git\cmd;C:\Node.js\node-v22.20.0-win-x64;D:\cursor\resources\app\bin;D:\Node.js\node-v22.20.0-win-x64\node.exe;D:\Microsoft VS Code\bin;C:\Program Files\Java\jre-1.8\bin;D:\Kiro\bin;.]
07-Dec-2025 16:28:36.618 INFO [main] org.apache.coyote.AbstractProtocol.init Инициализация ProtocolHandler ["http-nio-8080"]
07-Dec-2025 16:28:36.638 INFO [main] org.apache.catalina.startup.Catalina.load Server initialization in [587] milliseconds
07-Dec-2025 16:28:36.690 INFO [main] org.apache.catalina.core.StandardService.startInternal Starting service [Catalina]
07-Dec-2025 16:28:36.690 INFO [main] org.apache.catalina.core.StandardEngine.startInternal Starting Servlet engine: [Apache Tomcat/11.0.14]
07-Dec-2025 16:28:36.701 INFO [main] org.apache.catalina.startup.HostConfig.deployDescriptor Deploying deployment descriptor [C:\Users\User\IdeaProjects\TourAgency2\conf\Catalina\localhost\TourAgency2.xml]
07-Dec-2025 16:28:37.645 INFO [main] org.apache.jasper.servlet.TldScanner.scanJars At least one JAR was scanned for TLDs yet contained no TLDs. Enable debug logging for this logger for a complete list of JARs that were scanned but no TLDs were found in them. Skipping unneeded JARs during scanning can improve startup time and JSP compilation time.
07-Dec-2025 16:28:37.726 INFO [main] org.apache.catalina.startup.HostConfig.deployDescriptor Deployment of deployment descriptor [C:\Users\User\IdeaProjects\TourAgency2\conf\Catalina\localhost\TourAgency2.xml] has finished in [1 022] ms
07-Dec-2025 16:28:37.729 INFO [main] org.apache.coyote.AbstractProtocol.start Starting ProtocolHandler ["http-nio-8080"]
07-Dec-2025 16:28:37.753 INFO [main] org.apache.catalina.startup.Catalina.start Server startup in [1113] milliseconds
07-Dec-2025 16:30:03.490 INFO [Thread-1] org.apache.coyote.AbstractProtocol.pause Pausing ProtocolHandler ["http-nio-8080"]
07-Dec-2025 16:30:03.497 INFO [Thread-1] org.apache.catalina.core.StandardService.stopInternal Stopping service [Catalina]
07-Dec-2025 16:30:03.504 WARNING [Thread-1] org.apache.catalina.loader.WebappClassLoaderBase.clearReferencesJdbc The web application [TourAgency2] registered the JDBC driver [org.postgresql.Driver] but failed to unregister it when the web application was stopped. To prevent a memory leak, the JDBC Driver has been forcibly unregistered.
07-Dec-2025 16:30:03.511 INFO [Thread-1] org.apache.coyote.AbstractProtocol.stop Stopping ProtocolHandler ["http-nio-8080"]
07-Dec-2025 16:30:03.521 INFO [Thread-1] org.apache.coyote.AbstractProtocol.destroy Destroying ProtocolHandler ["http-nio-8080"]
07-Dec-2025 17:22:24.862 INFO [main] org.apache.catalina.startup.VersionLoggerListener.log Имя версии сервера:    Apache Tomcat/11.0.14
07-Dec-2025 17:22:24.869 INFO [main] org.apache.catalina.startup.VersionLoggerListener.log Сервер собран:         Nov 5 2025 19:03:02 UTC
07-Dec-2025 17:22:24.869 INFO [main] org.apache.catalina.startup.VersionLoggerListener.log Номер версии сервера:  11.0.14.0
07-Dec-2025 17:22:24.870 INFO [main] org.apache.catalina.startup.VersionLoggerListener.log OS Name:               Windows 11
07-Dec-2025 17:22:24.870 INFO [main] org.apache.catalina.startup.VersionLoggerListener.log Версия ОС:             10.0
07-Dec-2025 17:22:24.870 INFO [main] org.apache.catalina.startup.VersionLoggerListener.log Архитектура:           amd64
07-Dec-2025 17:22:24.870 INFO [main] org.apache.catalina.startup.VersionLoggerListener.log Java Home:             C:\Users\User\.jdks\openjdk-22.0.2
07-Dec-2025 17:22:24.870 INFO [main] org.apache.catalina.startup.VersionLoggerListener.log Версия JVM:            22.0.2+9-70
07-Dec-2025 17:22:24.870 INFO [main] org.apache.catalina.startup.VersionLoggerListener.log Производитель JVM:     Oracle Corporation
07-Dec-2025 17:22:24.870 INFO [main] org.apache.catalina.startup.VersionLoggerListener.log CATALINA_BASE:         C:\Users\User\IdeaProjects\TourAgency2
07-Dec-2025 17:22:24.871 INFO [main] org.apache.catalina.startup.VersionLoggerListener.log CATALINA_HOME:         C:\Users\User\Tomcat\apache-tomcat-11.0.14
07-Dec-2025 17:22:24.880 INFO [main] org.apache.catalina.startup.VersionLoggerListener.log Command line argument: --add-opens=java.base/java.lang=ALL-UNNAMED
07-Dec-2025 17:22:24.880 INFO [main] org.apache.catalina.startup.VersionLoggerListener.log Command line argument: --add-opens=java.base/java.io=ALL-UNNAMED
07-Dec-2025 17:22:24.881 INFO [main] org.apache.catalina.startup.VersionLoggerListener.log Command line argument: --add-opens=java.base/java.util=ALL-UNNAMED
07-Dec-2025 17:22:24.881 INFO [main] org.apache.catalina.startup.VersionLoggerListener.log Command line argument: --add-opens=java.base/java.util.concurrent=ALL-UNNAMED
07-Dec-2025 17:22:24.881 INFO [main] org.apache.catalina.startup.VersionLoggerListener.log Command line argument: --add-opens=java.rmi/sun.rmi.transport=ALL-UNNAMED
07-Dec-2025 17:22:24.881 INFO [main] org.apache.catalina.startup.VersionLoggerListener.log Command line argument: -Dcatalina.home=C:\Users\User\Tomcat\apache-tomcat-11.0.14
07-Dec-2025 17:22:24.882 INFO [main] org.apache.catalina.startup.VersionLoggerListener.log Command line argument: -Dcatalina.base=C:\Users\User\IdeaProjects\TourAgency2
07-Dec-2025 17:22:24.882 INFO [main] org.apache.catalina.startup.VersionLoggerListener.log Command line argument: -Djava.io.tmpdir=C:\Users\User\IdeaProjects\TourAgency2\temp
07-Dec-2025 17:22:24.882 INFO [main] org.apache.catalina.startup.VersionLoggerListener.log Command line argument: -Djava.util.logging.config.file=C:\Users\User\IdeaProjects\TourAgency2\conf\logging.properties
07-Dec-2025 17:22:24.882 INFO [main] org.apache.catalina.startup.VersionLoggerListener.log Command line argument: -Djava.util.logging.manager=org.apache.juli.ClassLoaderLogManager
07-Dec-2025 17:22:24.883 INFO [main] org.apache.catalina.startup.VersionLoggerListener.log Command line argument: -javaagent:D:\IntelliJ IDEA Community Edition 2024.2.1\lib\idea_rt.jar=61331:D:\IntelliJ IDEA Community Edition 2024.2.1\bin
07-Dec-2025 17:22:24.883 INFO [main] org.apache.catalina.startup.VersionLoggerListener.log Command line argument: -Dfile.encoding=UTF-8
07-Dec-2025 17:22:24.883 INFO [main] org.apache.catalina.startup.VersionLoggerListener.log Command line argument: -Dsun.stdout.encoding=UTF-8
07-Dec-2025 17:22:24.883 INFO [main] org.apache.catalina.startup.VersionLoggerListener.log Command line argument: -Dsun.stderr.encoding=UTF-8
07-Dec-2025 17:22:24.890 INFO [main] org.apache.catalina.core.AprLifecycleListener.lifecycleEvent The Apache Tomcat Native library which allows using OpenSSL was not found on the java.library.path: [C:\Users\User\.jdks\openjdk-22.0.2\bin;C:\WINDOWS\Sun\Java\bin;C:\WINDOWS\system32;C:\WINDOWS;C:\Program Files\Common Files\Oracle\Java\javapath;C:\Program Files (x86)\Common Files\Oracle\Java\javapath;C:\Program Files\Microsoft\jdk-11.0.16.101-hotspot\bin;C:\WINDOWS\system32;C:\WINDOWS;C:\WINDOWS\System32\Wbem;C:\WINDOWS\System32\WindowsPowerShell\v1.0\;C:\WINDOWS\System32\OpenSSH\;C:\Program Files\Microsoft SQL Server\Client SDK\ODBC\170\Tools\Binn\;C:\Program Files\dotnet\;C:\Program Files\PuTTY\;D:\Git\cmd;C:\Node.js\node-v22.20.0-win-x64;D:\cursor\resources\app\bin;D:\Node.js\node-v22.20.0-win-x64\node.exe;D:\Microsoft VS Code\bin;C:\Program Files\Java\jre-1.8\bin;D:\Kiro\bin;.]
07-Dec-2025 17:22:25.240 INFO [main] org.apache.coyote.AbstractProtocol.init Инициализация ProtocolHandler ["http-nio-8080"]
07-Dec-2025 17:22:25.259 INFO [main] org.apache.catalina.startup.Catalina.load Server initialization in [617] milliseconds
07-Dec-2025 17:22:25.318 INFO [main] org.apache.catalina.core.StandardService.startInternal Starting service [Catalina]
07-Dec-2025 17:22:25.318 INFO [main] org.apache.catalina.core.StandardEngine.startInternal Starting Servlet engine: [Apache Tomcat/11.0.14]
07-Dec-2025 17:22:25.331 INFO [main] org.apache.catalina.startup.HostConfig.deployDescriptor Deploying deployment descriptor [C:\Users\User\IdeaProjects\TourAgency2\conf\Catalina\localhost\TourAgency2.xml]
07-Dec-2025 17:22:26.391 INFO [main] org.apache.jasper.servlet.TldScanner.scanJars At least one JAR was scanned for TLDs yet contained no TLDs. Enable debug logging for this logger for a complete list of JARs that were scanned but no TLDs were found in them. Skipping unneeded JARs during scanning can improve startup time and JSP compilation time.
07-Dec-2025 17:22:26.474 INFO [main] org.apache.catalina.startup.HostConfig.deployDescriptor Deployment of deployment descriptor [C:\Users\User\IdeaProjects\TourAgency2\conf\Catalina\localhost\TourAgency2.xml] has finished in [1 141] ms
07-Dec-2025 17:22:26.479 INFO [main] org.apache.coyote.AbstractProtocol.start Starting ProtocolHandler ["http-nio-8080"]
07-Dec-2025 17:22:26.502 INFO [main] org.apache.catalina.startup.Catalina.start Server startup in [1242] milliseconds
07-Dec-2025 17:22:28.001 INFO [Thread-1] org.apache.coyote.AbstractProtocol.pause Pausing ProtocolHandler ["http-nio-8080"]
07-Dec-2025 17:22:28.007 INFO [Thread-1] org.apache.catalina.core.StandardService.stopInternal Stopping service [Catalina]
07-Dec-2025 17:22:28.017 INFO [Thread-1] org.apache.coyote.AbstractProtocol.stop Stopping ProtocolHandler ["http-nio-8080"]
07-Dec-2025 17:22:28.021 INFO [Thread-1] org.apache.coyote.AbstractProtocol.destroy Destroying ProtocolHandler ["http-nio-8080"]
07-Dec-2025 17:29:07.080 INFO [main] org.apache.catalina.startup.VersionLoggerListener.log Имя версии сервера:    Apache Tomcat/11.0.14
07-Dec-2025 17:29:07.087 INFO [main] org.apache.catalina.startup.VersionLoggerListener.log Сервер собран:         Nov 5 2025 19:03:02 UTC
07-Dec-2025 17:29:07.087 INFO [main] org.apache.catalina.startup.VersionLoggerListener.log Номер версии сервера:  11.0.14.0
07-Dec-2025 17:29:07.087 INFO [main] org.apache.catalina.startup.VersionLoggerListener.log OS Name:               Windows 11
07-Dec-2025 17:29:07.087 INFO [main] org.apache.catalina.startup.VersionLoggerListener.log Версия ОС:             10.0
07-Dec-2025 17:29:07.088 INFO [main] org.apache.catalina.startup.VersionLoggerListener.log Архитектура:           amd64
07-Dec-2025 17:29:07.088 INFO [main] org.apache.catalina.startup.VersionLoggerListener.log Java Home:             C:\Users\User\.jdks\openjdk-22.0.2
07-Dec-2025 17:29:07.088 INFO [main] org.apache.catalina.startup.VersionLoggerListener.log Версия JVM:            22.0.2+9-70
07-Dec-2025 17:29:07.089 INFO [main] org.apache.catalina.startup.VersionLoggerListener.log Производитель JVM:     Oracle Corporation
07-Dec-2025 17:29:07.089 INFO [main] org.apache.catalina.startup.VersionLoggerListener.log CATALINA_BASE:         C:\Users\User\IdeaProjects\TourAgency2
07-Dec-2025 17:29:07.089 INFO [main] org.apache.catalina.startup.VersionLoggerListener.log CATALINA_HOME:         C:\Users\User\Tomcat\apache-tomcat-11.0.14
07-Dec-2025 17:29:07.100 INFO [main] org.apache.catalina.startup.VersionLoggerListener.log Command line argument: --add-opens=java.base/java.lang=ALL-UNNAMED
07-Dec-2025 17:29:07.101 INFO [main] org.apache.catalina.startup.VersionLoggerListener.log Command line argument: --add-opens=java.base/java.io=ALL-UNNAMED
07-Dec-2025 17:29:07.101 INFO [main] org.apache.catalina.startup.VersionLoggerListener.log Command line argument: --add-opens=java.base/java.util=ALL-UNNAMED
07-Dec-2025 17:29:07.101 INFO [main] org.apache.catalina.startup.VersionLoggerListener.log Command line argument: --add-opens=java.base/java.util.concurrent=ALL-UNNAMED
07-Dec-2025 17:29:07.101 INFO [main] org.apache.catalina.startup.VersionLoggerListener.log Command line argument: --add-opens=java.rmi/sun.rmi.transport=ALL-UNNAMED
07-Dec-2025 17:29:07.102 INFO [main] org.apache.catalina.startup.VersionLoggerListener.log Command line argument: -Dcatalina.home=C:\Users\User\Tomcat\apache-tomcat-11.0.14
07-Dec-2025 17:29:07.102 INFO [main] org.apache.catalina.startup.VersionLoggerListener.log Command line argument: -Dcatalina.base=C:\Users\User\IdeaProjects\TourAgency2
07-Dec-2025 17:29:07.102 INFO [main] org.apache.catalina.startup.VersionLoggerListener.log Command line argument: -Djava.io.tmpdir=C:\Users\User\IdeaProjects\TourAgency2\temp
07-Dec-2025 17:29:07.102 INFO [main] org.apache.catalina.startup.VersionLoggerListener.log Command line argument: -Djava.util.logging.config.file=C:\Users\User\IdeaProjects\TourAgency2\conf\logging.properties
07-Dec-2025 17:29:07.102 INFO [main] org.apache.catalina.startup.VersionLoggerListener.log Command line argument: -Djava.util.logging.manager=org.apache.juli.ClassLoaderLogManager
07-Dec-2025 17:29:07.102 INFO [main] org.apache.catalina.startup.VersionLoggerListener.log Command line argument: -javaagent:D:\IntelliJ IDEA Community Edition 2024.2.1\lib\idea_rt.jar=59582:D:\IntelliJ IDEA Community Edition 2024.2.1\bin
07-Dec-2025 17:29:07.102 INFO [main] org.apache.catalina.startup.VersionLoggerListener.log Command line argument: -Dfile.encoding=UTF-8
07-Dec-2025 17:29:07.103 INFO [main] org.apache.catalina.startup.VersionLoggerListener.log Command line argument: -Dsun.stdout.encoding=UTF-8
07-Dec-2025 17:29:07.103 INFO [main] org.apache.catalina.startup.VersionLoggerListener.log Command line argument: -Dsun.stderr.encoding=UTF-8
07-Dec-2025 17:29:07.110 INFO [main] org.apache.catalina.core.AprLifecycleListener.lifecycleEvent The Apache Tomcat Native library which allows using OpenSSL was not found on the java.library.path: [C:\Users\User\.jdks\openjdk-22.0.2\bin;C:\WINDOWS\Sun\Java\bin;C:\WINDOWS\system32;C:\WINDOWS;C:\Program Files\Common Files\Oracle\Java\javapath;C:\Program Files (x86)\Common Files\Oracle\Java\javapath;C:\Program Files\Microsoft\jdk-11.0.16.101-hotspot\bin;C:\WINDOWS\system32;C:\WINDOWS;C:\WINDOWS\System32\Wbem;C:\WINDOWS\System32\WindowsPowerShell\v1.0\;C:\WINDOWS\System32\OpenSSH\;C:\Program Files\Microsoft SQL Server\Client SDK\ODBC\170\Tools\Binn\;C:\Program Files\dotnet\;C:\Program Files\PuTTY\;D:\Git\cmd;C:\Node.js\node-v22.20.0-win-x64;D:\cursor\resources\app\bin;D:\Node.js\node-v22.20.0-win-x64\node.exe;D:\Microsoft VS Code\bin;C:\Program Files\Java\jre-1.8\bin;D:\Kiro\bin;.]
07-Dec-2025 17:29:07.466 INFO [main] org.apache.coyote.AbstractProtocol.init Инициализация ProtocolHandler ["http-nio-8080"]
07-Dec-2025 17:29:07.488 INFO [main] org.apache.catalina.startup.Catalina.load Server initialization in [661] milliseconds
07-Dec-2025 17:29:07.549 INFO [main] org.apache.catalina.core.StandardService.startInternal Starting service [Catalina]
07-Dec-2025 17:29:07.549 INFO [main] org.apache.catalina.core.StandardEngine.startInternal Starting Servlet engine: [Apache Tomcat/11.0.14]
07-Dec-2025 17:29:07.560 INFO [main] org.apache.catalina.startup.HostConfig.deployDescriptor Deploying deployment descriptor [C:\Users\User\IdeaProjects\TourAgency2\conf\Catalina\localhost\TourAgency2.xml]
07-Dec-2025 17:29:08.614 INFO [main] org.apache.jasper.servlet.TldScanner.scanJars At least one JAR was scanned for TLDs yet contained no TLDs. Enable debug logging for this logger for a complete list of JARs that were scanned but no TLDs were found in them. Skipping unneeded JARs during scanning can improve startup time and JSP compilation time.
07-Dec-2025 17:29:08.702 INFO [main] org.apache.catalina.startup.HostConfig.deployDescriptor Deployment of deployment descriptor [C:\Users\User\IdeaProjects\TourAgency2\conf\Catalina\localhost\TourAgency2.xml] has finished in [1 140] ms
07-Dec-2025 17:29:08.708 INFO [main] org.apache.coyote.AbstractProtocol.start Starting ProtocolHandler ["http-nio-8080"]
07-Dec-2025 17:29:08.736 INFO [main] org.apache.catalina.startup.Catalina.start Server startup in [1245] milliseconds
07-Dec-2025 17:30:39.697 INFO [Thread-1] org.apache.coyote.AbstractProtocol.pause Pausing ProtocolHandler ["http-nio-8080"]
07-Dec-2025 17:30:39.702 INFO [Thread-1] org.apache.catalina.core.StandardService.stopInternal Stopping service [Catalina]
07-Dec-2025 17:30:39.706 WARNING [Thread-1] org.apache.catalina.loader.WebappClassLoaderBase.clearReferencesJdbc The web application [TourAgency2] registered the JDBC driver [org.postgresql.Driver] but failed to unregister it when the web application was stopped. To prevent a memory leak, the JDBC Driver has been forcibly unregistered.
07-Dec-2025 17:30:39.710 INFO [Thread-1] org.apache.coyote.AbstractProtocol.stop Stopping ProtocolHandler ["http-nio-8080"]
07-Dec-2025 17:30:39.713 INFO [Thread-1] org.apache.coyote.AbstractProtocol.destroy Destroying ProtocolHandler ["http-nio-8080"]
07-Dec-2025 17:33:43.063 INFO [main] org.apache.catalina.startup.VersionLoggerListener.log Имя версии сервера:    Apache Tomcat/11.0.14
07-Dec-2025 17:33:43.068 INFO [main] org.apache.catalina.startup.VersionLoggerListener.log Сервер собран:         Nov 5 2025 19:03:02 UTC
07-Dec-2025 17:33:43.069 INFO [main] org.apache.catalina.startup.VersionLoggerListener.log Номер версии сервера:  11.0.14.0
07-Dec-2025 17:33:43.069 INFO [main] org.apache.catalina.startup.VersionLoggerListener.log OS Name:               Windows 11
07-Dec-2025 17:33:43.069 INFO [main] org.apache.catalina.startup.VersionLoggerListener.log Версия ОС:             10.0
07-Dec-2025 17:33:43.069 INFO [main] org.apache.catalina.startup.VersionLoggerListener.log Архитектура:           amd64
07-Dec-2025 17:33:43.069 INFO [main] org.apache.catalina.startup.VersionLoggerListener.log Java Home:             C:\Users\User\.jdks\openjdk-22.0.2
07-Dec-2025 17:33:43.069 INFO [main] org.apache.catalina.startup.VersionLoggerListener.log Версия JVM:            22.0.2+9-70
07-Dec-2025 17:33:43.069 INFO [main] org.apache.catalina.startup.VersionLoggerListener.log Производитель JVM:     Oracle Corporation
07-Dec-2025 17:33:43.069 INFO [main] org.apache.catalina.startup.VersionLoggerListener.log CATALINA_BASE:         C:\Users\User\IdeaProjects\TourAgency2
07-Dec-2025 17:33:43.069 INFO [main] org.apache.catalina.startup.VersionLoggerListener.log CATALINA_HOME:         C:\Users\User\Tomcat\apache-tomcat-11.0.14
07-Dec-2025 17:33:43.079 INFO [main] org.apache.catalina.startup.VersionLoggerListener.log Command line argument: --add-opens=java.base/java.lang=ALL-UNNAMED
07-Dec-2025 17:33:43.079 INFO [main] org.apache.catalina.startup.VersionLoggerListener.log Command line argument: --add-opens=java.base/java.io=ALL-UNNAMED
07-Dec-2025 17:33:43.079 INFO [main] org.apache.catalina.startup.VersionLoggerListener.log Command line argument: --add-opens=java.base/java.util=ALL-UNNAMED
07-Dec-2025 17:33:43.079 INFO [main] org.apache.catalina.startup.VersionLoggerListener.log Command line argument: --add-opens=java.base/java.util.concurrent=ALL-UNNAMED
07-Dec-2025 17:33:43.079 INFO [main] org.apache.catalina.startup.VersionLoggerListener.log Command line argument: --add-opens=java.rmi/sun.rmi.transport=ALL-UNNAMED
07-Dec-2025 17:33:43.079 INFO [main] org.apache.catalina.startup.VersionLoggerListener.log Command line argument: -Dcatalina.home=C:\Users\User\Tomcat\apache-tomcat-11.0.14
07-Dec-2025 17:33:43.079 INFO [main] org.apache.catalina.startup.VersionLoggerListener.log Command line argument: -Dcatalina.base=C:\Users\User\IdeaProjects\TourAgency2
07-Dec-2025 17:33:43.079 INFO [main] org.apache.catalina.startup.VersionLoggerListener.log Command line argument: -Djava.io.tmpdir=C:\Users\User\IdeaProjects\TourAgency2\temp
07-Dec-2025 17:33:43.079 INFO [main] org.apache.catalina.startup.VersionLoggerListener.log Command line argument: -Djava.util.logging.config.file=C:\Users\User\IdeaProjects\TourAgency2\conf\logging.properties
07-Dec-2025 17:33:43.080 INFO [main] org.apache.catalina.startup.VersionLoggerListener.log Command line argument: -Djava.util.logging.manager=org.apache.juli.ClassLoaderLogManager
07-Dec-2025 17:33:43.080 INFO [main] org.apache.catalina.startup.VersionLoggerListener.log Command line argument: -javaagent:D:\IntelliJ IDEA Community Edition 2024.2.1\lib\idea_rt.jar=59874:D:\IntelliJ IDEA Community Edition 2024.2.1\bin
07-Dec-2025 17:33:43.080 INFO [main] org.apache.catalina.startup.VersionLoggerListener.log Command line argument: -Dfile.encoding=UTF-8
07-Dec-2025 17:33:43.080 INFO [main] org.apache.catalina.startup.VersionLoggerListener.log Command line argument: -Dsun.stdout.encoding=UTF-8
07-Dec-2025 17:33:43.080 INFO [main] org.apache.catalina.startup.VersionLoggerListener.log Command line argument: -Dsun.stderr.encoding=UTF-8
07-Dec-2025 17:33:43.088 INFO [main] org.apache.catalina.core.AprLifecycleListener.lifecycleEvent The Apache Tomcat Native library which allows using OpenSSL was not found on the java.library.path: [C:\Users\User\.jdks\openjdk-22.0.2\bin;C:\WINDOWS\Sun\Java\bin;C:\WINDOWS\system32;C:\WINDOWS;C:\Program Files\Common Files\Oracle\Java\javapath;C:\Program Files (x86)\Common Files\Oracle\Java\javapath;C:\Program Files\Microsoft\jdk-11.0.16.101-hotspot\bin;C:\WINDOWS\system32;C:\WINDOWS;C:\WINDOWS\System32\Wbem;C:\WINDOWS\System32\WindowsPowerShell\v1.0\;C:\WINDOWS\System32\OpenSSH\;C:\Program Files\Microsoft SQL Server\Client SDK\ODBC\170\Tools\Binn\;C:\Program Files\dotnet\;C:\Program Files\PuTTY\;D:\Git\cmd;C:\Node.js\node-v22.20.0-win-x64;D:\cursor\resources\app\bin;D:\Node.js\node-v22.20.0-win-x64\node.exe;D:\Microsoft VS Code\bin;C:\Program Files\Java\jre-1.8\bin;D:\Kiro\bin;.]
07-Dec-2025 17:33:43.433 INFO [main] org.apache.coyote.AbstractProtocol.init Инициализация ProtocolHandler ["http-nio-8080"]
07-Dec-2025 17:33:43.452 INFO [main] org.apache.catalina.startup.Catalina.load Server initialization in [643] milliseconds
07-Dec-2025 17:33:43.497 INFO [main] org.apache.catalina.core.StandardService.startInternal Starting service [Catalina]
07-Dec-2025 17:33:43.497 INFO [main] org.apache.catalina.core.StandardEngine.startInternal Starting Servlet engine: [Apache Tomcat/11.0.14]
07-Dec-2025 17:33:43.507 INFO [main] org.apache.catalina.startup.HostConfig.deployDescriptor Deploying deployment descriptor [C:\Users\User\IdeaProjects\TourAgency2\conf\Catalina\localhost\TourAgency2.xml]
07-Dec-2025 17:33:44.469 INFO [main] org.apache.jasper.servlet.TldScanner.scanJars At least one JAR was scanned for TLDs yet contained no TLDs. Enable debug logging for this logger for a complete list of JARs that were scanned but no TLDs were found in them. Skipping unneeded JARs during scanning can improve startup time and JSP compilation time.
07-Dec-2025 17:33:44.560 INFO [main] org.apache.catalina.startup.HostConfig.deployDescriptor Deployment of deployment descriptor [C:\Users\User\IdeaProjects\TourAgency2\conf\Catalina\localhost\TourAgency2.xml] has finished in [1 050] ms
07-Dec-2025 17:33:44.565 INFO [main] org.apache.coyote.AbstractProtocol.start Starting ProtocolHandler ["http-nio-8080"]
07-Dec-2025 17:33:44.587 INFO [main] org.apache.catalina.startup.Catalina.start Server startup in [1133] milliseconds
07-Dec-2025 17:34:32.675 INFO [Thread-1] org.apache.coyote.AbstractProtocol.pause Pausing ProtocolHandler ["http-nio-8080"]
07-Dec-2025 17:34:32.682 INFO [Thread-1] org.apache.catalina.core.StandardService.stopInternal Stopping service [Catalina]
07-Dec-2025 17:34:32.691 WARNING [Thread-1] org.apache.catalina.loader.WebappClassLoaderBase.clearReferencesJdbc The web application [TourAgency2] registered the JDBC driver [org.postgresql.Driver] but failed to unregister it when the web application was stopped. To prevent a memory leak, the JDBC Driver has been forcibly unregistered.
07-Dec-2025 17:34:32.696 INFO [Thread-1] org.apache.coyote.AbstractProtocol.stop Stopping ProtocolHandler ["http-nio-8080"]
07-Dec-2025 17:34:32.703 INFO [Thread-1] org.apache.coyote.AbstractProtocol.destroy Destroying ProtocolHandler ["http-nio-8080"]
07-Dec-2025 17:34:37.103 INFO [main] org.apache.catalina.startup.VersionLoggerListener.log Имя версии сервера:    Apache Tomcat/11.0.14
07-Dec-2025 17:34:37.108 INFO [main] org.apache.catalina.startup.VersionLoggerListener.log Сервер собран:         Nov 5 2025 19:03:02 UTC
07-Dec-2025 17:34:37.108 INFO [main] org.apache.catalina.startup.VersionLoggerListener.log Номер версии сервера:  11.0.14.0
07-Dec-2025 17:34:37.109 INFO [main] org.apache.catalina.startup.VersionLoggerListener.log OS Name:               Windows 11
07-Dec-2025 17:34:37.109 INFO [main] org.apache.catalina.startup.VersionLoggerListener.log Версия ОС:             10.0
07-Dec-2025 17:34:37.109 INFO [main] org.apache.catalina.startup.VersionLoggerListener.log Архитектура:           amd64
07-Dec-2025 17:34:37.109 INFO [main] org.apache.catalina.startup.VersionLoggerListener.log Java Home:             C:\Users\User\.jdks\openjdk-22.0.2
07-Dec-2025 17:34:37.109 INFO [main] org.apache.catalina.startup.VersionLoggerListener.log Версия JVM:            22.0.2+9-70
07-Dec-2025 17:34:37.109 INFO [main] org.apache.catalina.startup.VersionLoggerListener.log Производитель JVM:     Oracle Corporation
07-Dec-2025 17:34:37.109 INFO [main] org.apache.catalina.startup.VersionLoggerListener.log CATALINA_BASE:         C:\Users\User\IdeaProjects\TourAgency2
07-Dec-2025 17:34:37.109 INFO [main] org.apache.catalina.startup.VersionLoggerListener.log CATALINA_HOME:         C:\Users\User\Tomcat\apache-tomcat-11.0.14
07-Dec-2025 17:34:37.119 INFO [main] org.apache.catalina.startup.VersionLoggerListener.log Command line argument: --add-opens=java.base/java.lang=ALL-UNNAMED
07-Dec-2025 17:34:37.119 INFO [main] org.apache.catalina.startup.VersionLoggerListener.log Command line argument: --add-opens=java.base/java.io=ALL-UNNAMED
07-Dec-2025 17:34:37.119 INFO [main] org.apache.catalina.startup.VersionLoggerListener.log Command line argument: --add-opens=java.base/java.util=ALL-UNNAMED
07-Dec-2025 17:34:37.120 INFO [main] org.apache.catalina.startup.VersionLoggerListener.log Command line argument: --add-opens=java.base/java.util.concurrent=ALL-UNNAMED
07-Dec-2025 17:34:37.120 INFO [main] org.apache.catalina.startup.VersionLoggerListener.log Command line argument: --add-opens=java.rmi/sun.rmi.transport=ALL-UNNAMED
07-Dec-2025 17:34:37.120 INFO [main] org.apache.catalina.startup.VersionLoggerListener.log Command line argument: -Dcatalina.home=C:\Users\User\Tomcat\apache-tomcat-11.0.14
07-Dec-2025 17:34:37.120 INFO [main] org.apache.catalina.startup.VersionLoggerListener.log Command line argument: -Dcatalina.base=C:\Users\User\IdeaProjects\TourAgency2
07-Dec-2025 17:34:37.120 INFO [main] org.apache.catalina.startup.VersionLoggerListener.log Command line argument: -Djava.io.tmpdir=C:\Users\User\IdeaProjects\TourAgency2\temp
07-Dec-2025 17:34:37.120 INFO [main] org.apache.catalina.startup.VersionLoggerListener.log Command line argument: -Djava.util.logging.config.file=C:\Users\User\IdeaProjects\TourAgency2\conf\logging.properties
07-Dec-2025 17:34:37.120 INFO [main] org.apache.catalina.startup.VersionLoggerListener.log Command line argument: -Djava.util.logging.manager=org.apache.juli.ClassLoaderLogManager
07-Dec-2025 17:34:37.120 INFO [main] org.apache.catalina.startup.VersionLoggerListener.log Command line argument: -javaagent:D:\IntelliJ IDEA Community Edition 2024.2.1\lib\idea_rt.jar=59913:D:\IntelliJ IDEA Community Edition 2024.2.1\bin
07-Dec-2025 17:34:37.120 INFO [main] org.apache.catalina.startup.VersionLoggerListener.log Command line argument: -Dfile.encoding=UTF-8
07-Dec-2025 17:34:37.121 INFO [main] org.apache.catalina.startup.VersionLoggerListener.log Command line argument: -Dsun.stdout.encoding=UTF-8
07-Dec-2025 17:34:37.121 INFO [main] org.apache.catalina.startup.VersionLoggerListener.log Command line argument: -Dsun.stderr.encoding=UTF-8
07-Dec-2025 17:34:37.128 INFO [main] org.apache.catalina.core.AprLifecycleListener.lifecycleEvent The Apache Tomcat Native library which allows using OpenSSL was not found on the java.library.path: [C:\Users\User\.jdks\openjdk-22.0.2\bin;C:\WINDOWS\Sun\Java\bin;C:\WINDOWS\system32;C:\WINDOWS;C:\Program Files\Common Files\Oracle\Java\javapath;C:\Program Files (x86)\Common Files\Oracle\Java\javapath;C:\Program Files\Microsoft\jdk-11.0.16.101-hotspot\bin;C:\WINDOWS\system32;C:\WINDOWS;C:\WINDOWS\System32\Wbem;C:\WINDOWS\System32\WindowsPowerShell\v1.0\;C:\WINDOWS\System32\OpenSSH\;C:\Program Files\Microsoft SQL Server\Client SDK\ODBC\170\Tools\Binn\;C:\Program Files\dotnet\;C:\Program Files\PuTTY\;D:\Git\cmd;C:\Node.js\node-v22.20.0-win-x64;D:\cursor\resources\app\bin;D:\Node.js\node-v22.20.0-win-x64\node.exe;D:\Microsoft VS Code\bin;C:\Program Files\Java\jre-1.8\bin;D:\Kiro\bin;.]
07-Dec-2025 17:34:37.585 INFO [main] org.apache.coyote.AbstractProtocol.init Инициализация ProtocolHandler ["http-nio-8080"]
07-Dec-2025 17:34:37.610 INFO [main] org.apache.catalina.startup.Catalina.load Server initialization in [773] milliseconds
07-Dec-2025 17:34:37.668 INFO [main] org.apache.catalina.core.StandardService.startInternal Starting service [Catalina]
07-Dec-2025 17:34:37.669 INFO [main] org.apache.catalina.core.StandardEngine.startInternal Starting Servlet engine: [Apache Tomcat/11.0.14]
07-Dec-2025 17:34:37.686 INFO [main] org.apache.catalina.startup.HostConfig.deployDescriptor Deploying deployment descriptor [C:\Users\User\IdeaProjects\TourAgency2\conf\Catalina\localhost\TourAgency2.xml]
07-Dec-2025 17:34:38.777 INFO [main] org.apache.jasper.servlet.TldScanner.scanJars At least one JAR was scanned for TLDs yet contained no TLDs. Enable debug logging for this logger for a complete list of JARs that were scanned but no TLDs were found in them. Skipping unneeded JARs during scanning can improve startup time and JSP compilation time.
07-Dec-2025 17:34:38.864 INFO [main] org.apache.catalina.startup.HostConfig.deployDescriptor Deployment of deployment descriptor [C:\Users\User\IdeaProjects\TourAgency2\conf\Catalina\localhost\TourAgency2.xml] has finished in [1 176] ms
07-Dec-2025 17:34:38.868 INFO [main] org.apache.coyote.AbstractProtocol.start Starting ProtocolHandler ["http-nio-8080"]
07-Dec-2025 17:34:38.893 INFO [main] org.apache.catalina.startup.Catalina.start Server startup in [1280] milliseconds
07-Dec-2025 17:36:54.300 INFO [Thread-1] org.apache.coyote.AbstractProtocol.pause Pausing ProtocolHandler ["http-nio-8080"]
07-Dec-2025 17:36:54.305 INFO [Thread-1] org.apache.catalina.core.StandardService.stopInternal Stopping service [Catalina]
07-Dec-2025 17:36:54.309 WARNING [Thread-1] org.apache.catalina.loader.WebappClassLoaderBase.clearReferencesJdbc The web application [TourAgency2] registered the JDBC driver [org.postgresql.Driver] but failed to unregister it when the web application was stopped. To prevent a memory leak, the JDBC Driver has been forcibly unregistered.
07-Dec-2025 17:36:54.313 INFO [Thread-1] org.apache.coyote.AbstractProtocol.stop Stopping ProtocolHandler ["http-nio-8080"]
07-Dec-2025 17:36:54.320 INFO [Thread-1] org.apache.coyote.AbstractProtocol.destroy Destroying ProtocolHandler ["http-nio-8080"]
07-Dec-2025 17:36:57.984 INFO [main] org.apache.catalina.startup.VersionLoggerListener.log Имя версии сервера:    Apache Tomcat/11.0.14
07-Dec-2025 17:36:57.989 INFO [main] org.apache.catalina.startup.VersionLoggerListener.log Сервер собран:         Nov 5 2025 19:03:02 UTC
07-Dec-2025 17:36:57.989 INFO [main] org.apache.catalina.startup.VersionLoggerListener.log Номер версии сервера:  11.0.14.0
07-Dec-2025 17:36:57.990 INFO [main] org.apache.catalina.startup.VersionLoggerListener.log OS Name:               Windows 11
07-Dec-2025 17:36:57.990 INFO [main] org.apache.catalina.startup.VersionLoggerListener.log Версия ОС:             10.0
07-Dec-2025 17:36:57.990 INFO [main] org.apache.catalina.startup.VersionLoggerListener.log Архитектура:           amd64
07-Dec-2025 17:36:57.990 INFO [main] org.apache.catalina.startup.VersionLoggerListener.log Java Home:             C:\Users\User\.jdks\openjdk-22.0.2
07-Dec-2025 17:36:57.990 INFO [main] org.apache.catalina.startup.VersionLoggerListener.log Версия JVM:            22.0.2+9-70
07-Dec-2025 17:36:57.990 INFO [main] org.apache.catalina.startup.VersionLoggerListener.log Производитель JVM:     Oracle Corporation
07-Dec-2025 17:36:57.991 INFO [main] org.apache.catalina.startup.VersionLoggerListener.log CATALINA_BASE:         C:\Users\User\IdeaProjects\TourAgency2
07-Dec-2025 17:36:57.991 INFO [main] org.apache.catalina.startup.VersionLoggerListener.log CATALINA_HOME:         C:\Users\User\Tomcat\apache-tomcat-11.0.14
07-Dec-2025 17:36:58.001 INFO [main] org.apache.catalina.startup.VersionLoggerListener.log Command line argument: --add-opens=java.base/java.lang=ALL-UNNAMED
07-Dec-2025 17:36:58.001 INFO [main] org.apache.catalina.startup.VersionLoggerListener.log Command line argument: --add-opens=java.base/java.io=ALL-UNNAMED
07-Dec-2025 17:36:58.002 INFO [main] org.apache.catalina.startup.VersionLoggerListener.log Command line argument: --add-opens=java.base/java.util=ALL-UNNAMED
07-Dec-2025 17:36:58.002 INFO [main] org.apache.catalina.startup.VersionLoggerListener.log Command line argument: --add-opens=java.base/java.util.concurrent=ALL-UNNAMED
07-Dec-2025 17:36:58.002 INFO [main] org.apache.catalina.startup.VersionLoggerListener.log Command line argument: --add-opens=java.rmi/sun.rmi.transport=ALL-UNNAMED
07-Dec-2025 17:36:58.002 INFO [main] org.apache.catalina.startup.VersionLoggerListener.log Command line argument: -Dcatalina.home=C:\Users\User\Tomcat\apache-tomcat-11.0.14
07-Dec-2025 17:36:58.002 INFO [main] org.apache.catalina.startup.VersionLoggerListener.log Command line argument: -Dcatalina.base=C:\Users\User\IdeaProjects\TourAgency2
07-Dec-2025 17:36:58.002 INFO [main] org.apache.catalina.startup.VersionLoggerListener.log Command line argument: -Djava.io.tmpdir=C:\Users\User\IdeaProjects\TourAgency2\temp
07-Dec-2025 17:36:58.002 INFO [main] org.apache.catalina.startup.VersionLoggerListener.log Command line argument: -Djava.util.logging.config.file=C:\Users\User\IdeaProjects\TourAgency2\conf\logging.properties
07-Dec-2025 17:36:58.002 INFO [main] org.apache.catalina.startup.VersionLoggerListener.log Command line argument: -Djava.util.logging.manager=org.apache.juli.ClassLoaderLogManager
07-Dec-2025 17:36:58.003 INFO [main] org.apache.catalina.startup.VersionLoggerListener.log Command line argument: -javaagent:D:\IntelliJ IDEA Community Edition 2024.2.1\lib\idea_rt.jar=59997:D:\IntelliJ IDEA Community Edition 2024.2.1\bin
07-Dec-2025 17:36:58.003 INFO [main] org.apache.catalina.startup.VersionLoggerListener.log Command line argument: -Dfile.encoding=UTF-8
07-Dec-2025 17:36:58.003 INFO [main] org.apache.catalina.startup.VersionLoggerListener.log Command line argument: -Dsun.stdout.encoding=UTF-8
07-Dec-2025 17:36:58.003 INFO [main] org.apache.catalina.startup.VersionLoggerListener.log Command line argument: -Dsun.stderr.encoding=UTF-8
07-Dec-2025 17:36:58.010 INFO [main] org.apache.catalina.core.AprLifecycleListener.lifecycleEvent The Apache Tomcat Native library which allows using OpenSSL was not found on the java.library.path: [C:\Users\User\.jdks\openjdk-22.0.2\bin;C:\WINDOWS\Sun\Java\bin;C:\WINDOWS\system32;C:\WINDOWS;C:\Program Files\Common Files\Oracle\Java\javapath;C:\Program Files (x86)\Common Files\Oracle\Java\javapath;C:\Program Files\Microsoft\jdk-11.0.16.101-hotspot\bin;C:\WINDOWS\system32;C:\WINDOWS;C:\WINDOWS\System32\Wbem;C:\WINDOWS\System32\WindowsPowerShell\v1.0\;C:\WINDOWS\System32\OpenSSH\;C:\Program Files\Microsoft SQL Server\Client SDK\ODBC\170\Tools\Binn\;C:\Program Files\dotnet\;C:\Program Files\PuTTY\;D:\Git\cmd;C:\Node.js\node-v22.20.0-win-x64;D:\cursor\resources\app\bin;D:\Node.js\node-v22.20.0-win-x64\node.exe;D:\Microsoft VS Code\bin;C:\Program Files\Java\jre-1.8\bin;D:\Kiro\bin;.]
07-Dec-2025 17:36:58.398 INFO [main] org.apache.coyote.AbstractProtocol.init Инициализация ProtocolHandler ["http-nio-8080"]
07-Dec-2025 17:36:58.420 INFO [main] org.apache.catalina.startup.Catalina.load Server initialization in [697] milliseconds
07-Dec-2025 17:36:58.474 INFO [main] org.apache.catalina.core.StandardService.startInternal Starting service [Catalina]
07-Dec-2025 17:36:58.474 INFO [main] org.apache.catalina.core.StandardEngine.startInternal Starting Servlet engine: [Apache Tomcat/11.0.14]
07-Dec-2025 17:36:58.486 INFO [main] org.apache.catalina.startup.HostConfig.deployDescriptor Deploying deployment descriptor [C:\Users\User\IdeaProjects\TourAgency2\conf\Catalina\localhost\TourAgency2.xml]
07-Dec-2025 17:36:59.499 INFO [main] org.apache.jasper.servlet.TldScanner.scanJars At least one JAR was scanned for TLDs yet contained no TLDs. Enable debug logging for this logger for a complete list of JARs that were scanned but no TLDs were found in them. Skipping unneeded JARs during scanning can improve startup time and JSP compilation time.
07-Dec-2025 17:36:59.578 INFO [main] org.apache.catalina.startup.HostConfig.deployDescriptor Deployment of deployment descriptor [C:\Users\User\IdeaProjects\TourAgency2\conf\Catalina\localhost\TourAgency2.xml] has finished in [1 089] ms
07-Dec-2025 17:36:59.582 INFO [main] org.apache.coyote.AbstractProtocol.start Starting ProtocolHandler ["http-nio-8080"]
07-Dec-2025 17:36:59.604 INFO [main] org.apache.catalina.startup.Catalina.start Server startup in [1183] milliseconds
07-Dec-2025 17:38:51.219 INFO [Thread-1] org.apache.coyote.AbstractProtocol.pause Pausing ProtocolHandler ["http-nio-8080"]
07-Dec-2025 17:38:51.224 INFO [Thread-1] org.apache.catalina.core.StandardService.stopInternal Stopping service [Catalina]
07-Dec-2025 17:38:51.229 WARNING [Thread-1] org.apache.catalina.loader.WebappClassLoaderBase.clearReferencesJdbc The web application [TourAgency2] registered the JDBC driver [org.postgresql.Driver] but failed to unregister it when the web application was stopped. To prevent a memory leak, the JDBC Driver has been forcibly unregistered.
07-Dec-2025 17:38:51.234 INFO [Thread-1] org.apache.coyote.AbstractProtocol.stop Stopping ProtocolHandler ["http-nio-8080"]
07-Dec-2025 17:38:51.238 INFO [Thread-1] org.apache.coyote.AbstractProtocol.destroy Destroying ProtocolHandler ["http-nio-8080"]
07-Dec-2025 17:40:38.797 INFO [main] org.apache.catalina.startup.VersionLoggerListener.log Имя версии сервера:    Apache Tomcat/11.0.14
07-Dec-2025 17:40:38.803 INFO [main] org.apache.catalina.startup.VersionLoggerListener.log Сервер собран:         Nov 5 2025 19:03:02 UTC
07-Dec-2025 17:40:38.804 INFO [main] org.apache.catalina.startup.VersionLoggerListener.log Номер версии сервера:  11.0.14.0
07-Dec-2025 17:40:38.804 INFO [main] org.apache.catalina.startup.VersionLoggerListener.log OS Name:               Windows 11
07-Dec-2025 17:40:38.804 INFO [main] org.apache.catalina.startup.VersionLoggerListener.log Версия ОС:             10.0
07-Dec-2025 17:40:38.804 INFO [main] org.apache.catalina.startup.VersionLoggerListener.log Архитектура:           amd64
07-Dec-2025 17:40:38.804 INFO [main] org.apache.catalina.startup.VersionLoggerListener.log Java Home:             C:\Users\User\.jdks\openjdk-22.0.2
07-Dec-2025 17:40:38.805 INFO [main] org.apache.catalina.startup.VersionLoggerListener.log Версия JVM:            22.0.2+9-70
07-Dec-2025 17:40:38.805 INFO [main] org.apache.catalina.startup.VersionLoggerListener.log Производитель JVM:     Oracle Corporation
07-Dec-2025 17:40:38.805 INFO [main] org.apache.catalina.startup.VersionLoggerListener.log CATALINA_BASE:         C:\Users\User\IdeaProjects\TourAgency2
07-Dec-2025 17:40:38.805 INFO [main] org.apache.catalina.startup.VersionLoggerListener.log CATALINA_HOME:         C:\Users\User\Tomcat\apache-tomcat-11.0.14
07-Dec-2025 17:40:38.822 INFO [main] org.apache.catalina.startup.VersionLoggerListener.log Command line argument: --add-opens=java.base/java.lang=ALL-UNNAMED
07-Dec-2025 17:40:38.822 INFO [main] org.apache.catalina.startup.VersionLoggerListener.log Command line argument: --add-opens=java.base/java.io=ALL-UNNAMED
07-Dec-2025 17:40:38.822 INFO [main] org.apache.catalina.startup.VersionLoggerListener.log Command line argument: --add-opens=java.base/java.util=ALL-UNNAMED
07-Dec-2025 17:40:38.823 INFO [main] org.apache.catalina.startup.VersionLoggerListener.log Command line argument: --add-opens=java.base/java.util.concurrent=ALL-UNNAMED
07-Dec-2025 17:40:38.823 INFO [main] org.apache.catalina.startup.VersionLoggerListener.log Command line argument: --add-opens=java.rmi/sun.rmi.transport=ALL-UNNAMED
07-Dec-2025 17:40:38.823 INFO [main] org.apache.catalina.startup.VersionLoggerListener.log Command line argument: -Dcatalina.home=C:\Users\User\Tomcat\apache-tomcat-11.0.14
07-Dec-2025 17:40:38.823 INFO [main] org.apache.catalina.startup.VersionLoggerListener.log Command line argument: -Dcatalina.base=C:\Users\User\IdeaProjects\TourAgency2
07-Dec-2025 17:40:38.823 INFO [main] org.apache.catalina.startup.VersionLoggerListener.log Command line argument: -Djava.io.tmpdir=C:\Users\User\IdeaProjects\TourAgency2\temp
07-Dec-2025 17:40:38.823 INFO [main] org.apache.catalina.startup.VersionLoggerListener.log Command line argument: -Djava.util.logging.config.file=C:\Users\User\IdeaProjects\TourAgency2\conf\logging.properties
07-Dec-2025 17:40:38.824 INFO [main] org.apache.catalina.startup.VersionLoggerListener.log Command line argument: -Djava.util.logging.manager=org.apache.juli.ClassLoaderLogManager
07-Dec-2025 17:40:38.824 INFO [main] org.apache.catalina.startup.VersionLoggerListener.log Command line argument: -javaagent:D:\IntelliJ IDEA Community Edition 2024.2.1\lib\idea_rt.jar=60086:D:\IntelliJ IDEA Community Edition 2024.2.1\bin
07-Dec-2025 17:40:38.824 INFO [main] org.apache.catalina.startup.VersionLoggerListener.log Command line argument: -Dfile.encoding=UTF-8
07-Dec-2025 17:40:38.824 INFO [main] org.apache.catalina.startup.VersionLoggerListener.log Command line argument: -Dsun.stdout.encoding=UTF-8
07-Dec-2025 17:40:38.824 INFO [main] org.apache.catalina.startup.VersionLoggerListener.log Command line argument: -Dsun.stderr.encoding=UTF-8
07-Dec-2025 17:40:38.830 INFO [main] org.apache.catalina.core.AprLifecycleListener.lifecycleEvent The Apache Tomcat Native library which allows using OpenSSL was not found on the java.library.path: [C:\Users\User\.jdks\openjdk-22.0.2\bin;C:\WINDOWS\Sun\Java\bin;C:\WINDOWS\system32;C:\WINDOWS;C:\Program Files\Common Files\Oracle\Java\javapath;C:\Program Files (x86)\Common Files\Oracle\Java\javapath;C:\Program Files\Microsoft\jdk-11.0.16.101-hotspot\bin;C:\WINDOWS\system32;C:\WINDOWS;C:\WINDOWS\System32\Wbem;C:\WINDOWS\System32\WindowsPowerShell\v1.0\;C:\WINDOWS\System32\OpenSSH\;C:\Program Files\Microsoft SQL Server\Client SDK\ODBC\170\Tools\Binn\;C:\Program Files\dotnet\;C:\Program Files\PuTTY\;D:\Git\cmd;C:\Node.js\node-v22.20.0-win-x64;D:\cursor\resources\app\bin;D:\Node.js\node-v22.20.0-win-x64\node.exe;D:\Microsoft VS Code\bin;C:\Program Files\Java\jre-1.8\bin;D:\Kiro\bin;.]
07-Dec-2025 17:40:39.218 INFO [main] org.apache.coyote.AbstractProtocol.init Инициализация ProtocolHandler ["http-nio-8080"]
07-Dec-2025 17:40:39.238 INFO [main] org.apache.catalina.startup.Catalina.load Server initialization in [686] milliseconds
07-Dec-2025 17:40:39.296 INFO [main] org.apache.catalina.core.StandardService.startInternal Starting service [Catalina]
07-Dec-2025 17:40:39.297 INFO [main] org.apache.catalina.core.StandardEngine.startInternal Starting Servlet engine: [Apache Tomcat/11.0.14]
07-Dec-2025 17:40:39.307 INFO [main] org.apache.catalina.startup.HostConfig.deployDescriptor Deploying deployment descriptor [C:\Users\User\IdeaProjects\TourAgency2\conf\Catalina\localhost\TourAgency2.xml]
07-Dec-2025 17:40:40.537 INFO [main] org.apache.jasper.servlet.TldScanner.scanJars At least one JAR was scanned for TLDs yet contained no TLDs. Enable debug logging for this logger for a complete list of JARs that were scanned but no TLDs were found in them. Skipping unneeded JARs during scanning can improve startup time and JSP compilation time.
07-Dec-2025 17:40:40.622 INFO [main] org.apache.catalina.startup.HostConfig.deployDescriptor Deployment of deployment descriptor [C:\Users\User\IdeaProjects\TourAgency2\conf\Catalina\localhost\TourAgency2.xml] has finished in [1 313] ms
07-Dec-2025 17:40:40.626 INFO [main] org.apache.coyote.AbstractProtocol.start Starting ProtocolHandler ["http-nio-8080"]
07-Dec-2025 17:40:40.647 INFO [main] org.apache.catalina.startup.Catalina.start Server startup in [1407] milliseconds
07-Dec-2025 17:41:46.497 INFO [Thread-1] org.apache.coyote.AbstractProtocol.pause Pausing ProtocolHandler ["http-nio-8080"]
07-Dec-2025 17:41:46.502 INFO [Thread-1] org.apache.catalina.core.StandardService.stopInternal Stopping service [Catalina]
07-Dec-2025 17:41:46.507 WARNING [Thread-1] org.apache.catalina.loader.WebappClassLoaderBase.clearReferencesJdbc The web application [TourAgency2] registered the JDBC driver [org.postgresql.Driver] but failed to unregister it when the web application was stopped. To prevent a memory leak, the JDBC Driver has been forcibly unregistered.
07-Dec-2025 17:41:46.512 INFO [Thread-1] org.apache.coyote.AbstractProtocol.stop Stopping ProtocolHandler ["http-nio-8080"]
07-Dec-2025 17:41:46.531 INFO [Thread-1] org.apache.coyote.AbstractProtocol.destroy Destroying ProtocolHandler ["http-nio-8080"]
07-Dec-2025 19:55:24.166 INFO [main] org.apache.catalina.startup.VersionLoggerListener.log Имя версии сервера:    Apache Tomcat/11.0.14
07-Dec-2025 19:55:24.173 INFO [main] org.apache.catalina.startup.VersionLoggerListener.log Сервер собран:         Nov 5 2025 19:03:02 UTC
07-Dec-2025 19:55:24.173 INFO [main] org.apache.catalina.startup.VersionLoggerListener.log Номер версии сервера:  11.0.14.0
07-Dec-2025 19:55:24.174 INFO [main] org.apache.catalina.startup.VersionLoggerListener.log OS Name:               Windows 11
07-Dec-2025 19:55:24.174 INFO [main] org.apache.catalina.startup.VersionLoggerListener.log Версия ОС:             10.0
07-Dec-2025 19:55:24.174 INFO [main] org.apache.catalina.startup.VersionLoggerListener.log Архитектура:           amd64
07-Dec-2025 19:55:24.175 INFO [main] org.apache.catalina.startup.VersionLoggerListener.log Java Home:             C:\Users\User\.jdks\openjdk-22.0.2
07-Dec-2025 19:55:24.175 INFO [main] org.apache.catalina.startup.VersionLoggerListener.log Версия JVM:            22.0.2+9-70
07-Dec-2025 19:55:24.175 INFO [main] org.apache.catalina.startup.VersionLoggerListener.log Производитель JVM:     Oracle Corporation
07-Dec-2025 19:55:24.175 INFO [main] org.apache.catalina.startup.VersionLoggerListener.log CATALINA_BASE:         C:\Users\User\IdeaProjects\TourAgency2
07-Dec-2025 19:55:24.176 INFO [main] org.apache.catalina.startup.VersionLoggerListener.log CATALINA_HOME:         C:\Users\User\Tomcat\apache-tomcat-11.0.14
07-Dec-2025 19:55:24.191 INFO [main] org.apache.catalina.startup.VersionLoggerListener.log Command line argument: --add-opens=java.base/java.lang=ALL-UNNAMED
07-Dec-2025 19:55:24.191 INFO [main] org.apache.catalina.startup.VersionLoggerListener.log Command line argument: --add-opens=java.base/java.io=ALL-UNNAMED
07-Dec-2025 19:55:24.191 INFO [main] org.apache.catalina.startup.VersionLoggerListener.log Command line argument: --add-opens=java.base/java.util=ALL-UNNAMED
07-Dec-2025 19:55:24.191 INFO [main] org.apache.catalina.startup.VersionLoggerListener.log Command line argument: --add-opens=java.base/java.util.concurrent=ALL-UNNAMED
07-Dec-2025 19:55:24.191 INFO [main] org.apache.catalina.startup.VersionLoggerListener.log Command line argument: --add-opens=java.rmi/sun.rmi.transport=ALL-UNNAMED
07-Dec-2025 19:55:24.191 INFO [main] org.apache.catalina.startup.VersionLoggerListener.log Command line argument: -Dcatalina.home=C:\Users\User\Tomcat\apache-tomcat-11.0.14
07-Dec-2025 19:55:24.192 INFO [main] org.apache.catalina.startup.VersionLoggerListener.log Command line argument: -Dcatalina.base=C:\Users\User\IdeaProjects\TourAgency2
07-Dec-2025 19:55:24.192 INFO [main] org.apache.catalina.startup.VersionLoggerListener.log Command line argument: -Djava.io.tmpdir=C:\Users\User\IdeaProjects\TourAgency2\temp
07-Dec-2025 19:55:24.192 INFO [main] org.apache.catalina.startup.VersionLoggerListener.log Command line argument: -Djava.util.logging.config.file=C:\Users\User\IdeaProjects\TourAgency2\conf\logging.properties
07-Dec-2025 19:55:24.192 INFO [main] org.apache.catalina.startup.VersionLoggerListener.log Command line argument: -Djava.util.logging.manager=org.apache.juli.ClassLoaderLogManager
07-Dec-2025 19:55:24.192 INFO [main] org.apache.catalina.startup.VersionLoggerListener.log Command line argument: -javaagent:D:\IntelliJ IDEA Community Edition 2024.2.1\lib\idea_rt.jar=50278:D:\IntelliJ IDEA Community Edition 2024.2.1\bin
07-Dec-2025 19:55:24.193 INFO [main] org.apache.catalina.startup.VersionLoggerListener.log Command line argument: -Dfile.encoding=UTF-8
07-Dec-2025 19:55:24.193 INFO [main] org.apache.catalina.startup.VersionLoggerListener.log Command line argument: -Dsun.stdout.encoding=UTF-8
07-Dec-2025 19:55:24.193 INFO [main] org.apache.catalina.startup.VersionLoggerListener.log Command line argument: -Dsun.stderr.encoding=UTF-8
07-Dec-2025 19:55:24.203 INFO [main] org.apache.catalina.core.AprLifecycleListener.lifecycleEvent The Apache Tomcat Native library which allows using OpenSSL was not found on the java.library.path: [C:\Users\User\.jdks\openjdk-22.0.2\bin;C:\WINDOWS\Sun\Java\bin;C:\WINDOWS\system32;C:\WINDOWS;C:\Program Files\Common Files\Oracle\Java\javapath;C:\Program Files (x86)\Common Files\Oracle\Java\javapath;C:\Program Files\Microsoft\jdk-11.0.16.101-hotspot\bin;C:\WINDOWS\system32;C:\WINDOWS;C:\WINDOWS\System32\Wbem;C:\WINDOWS\System32\WindowsPowerShell\v1.0\;C:\WINDOWS\System32\OpenSSH\;C:\Program Files\Microsoft SQL Server\Client SDK\ODBC\170\Tools\Binn\;C:\Program Files\dotnet\;C:\Program Files\PuTTY\;D:\Git\cmd;C:\Node.js\node-v22.20.0-win-x64;D:\cursor\resources\app\bin;D:\Node.js\node-v22.20.0-win-x64\node.exe;D:\Microsoft VS Code\bin;C:\Program Files\Java\jre-1.8\bin;D:\Kiro\bin;.]
07-Dec-2025 19:55:24.740 INFO [main] org.apache.coyote.AbstractProtocol.init Инициализация ProtocolHandler ["http-nio-8080"]
07-Dec-2025 19:55:24.773 INFO [main] org.apache.catalina.startup.Catalina.load Server initialization in [993] milliseconds
07-Dec-2025 19:55:24.870 INFO [main] org.apache.catalina.core.StandardService.startInternal Starting service [Catalina]
07-Dec-2025 19:55:24.870 INFO [main] org.apache.catalina.core.StandardEngine.startInternal Starting Servlet engine: [Apache Tomcat/11.0.14]
07-Dec-2025 19:55:24.890 INFO [main] org.apache.catalina.startup.HostConfig.deployDescriptor Deploying deployment descriptor [C:\Users\User\IdeaProjects\TourAgency2\conf\Catalina\localhost\TourAgency2.xml]
07-Dec-2025 19:55:26.761 INFO [main] org.apache.jasper.servlet.TldScanner.scanJars At least one JAR was scanned for TLDs yet contained no TLDs. Enable debug logging for this logger for a complete list of JARs that were scanned but no TLDs were found in them. Skipping unneeded JARs during scanning can improve startup time and JSP compilation time.
07-Dec-2025 19:55:26.909 INFO [main] org.apache.catalina.startup.HostConfig.deployDescriptor Deployment of deployment descriptor [C:\Users\User\IdeaProjects\TourAgency2\conf\Catalina\localhost\TourAgency2.xml] has finished in [2 013] ms
07-Dec-2025 19:55:26.917 INFO [main] org.apache.coyote.AbstractProtocol.start Starting ProtocolHandler ["http-nio-8080"]
07-Dec-2025 19:55:26.957 INFO [main] org.apache.catalina.startup.Catalina.start Server startup in [2182] milliseconds
07-Dec-2025 19:56:15.662 INFO [Thread-1] org.apache.coyote.AbstractProtocol.pause Pausing ProtocolHandler ["http-nio-8080"]
07-Dec-2025 19:56:15.671 INFO [Thread-1] org.apache.catalina.core.StandardService.stopInternal Stopping service [Catalina]
07-Dec-2025 19:56:15.679 WARNING [Thread-1] org.apache.catalina.loader.WebappClassLoaderBase.clearReferencesJdbc The web application [TourAgency2] registered the JDBC driver [org.postgresql.Driver] but failed to unregister it when the web application was stopped. To prevent a memory leak, the JDBC Driver has been forcibly unregistered.
07-Dec-2025 19:56:15.686 INFO [Thread-1] org.apache.coyote.AbstractProtocol.stop Stopping ProtocolHandler ["http-nio-8080"]
07-Dec-2025 19:56:15.711 INFO [Thread-1] org.apache.coyote.AbstractProtocol.destroy Destroying ProtocolHandler ["http-nio-8080"]
07-Dec-2025 20:00:29.546 INFO [main] org.apache.catalina.startup.VersionLoggerListener.log Имя версии сервера:    Apache Tomcat/11.0.14
07-Dec-2025 20:00:29.555 INFO [main] org.apache.catalina.startup.VersionLoggerListener.log Сервер собран:         Nov 5 2025 19:03:02 UTC
07-Dec-2025 20:00:29.556 INFO [main] org.apache.catalina.startup.VersionLoggerListener.log Номер версии сервера:  11.0.14.0
07-Dec-2025 20:00:29.557 INFO [main] org.apache.catalina.startup.VersionLoggerListener.log OS Name:               Windows 11
07-Dec-2025 20:00:29.558 INFO [main] org.apache.catalina.startup.VersionLoggerListener.log Версия ОС:             10.0
07-Dec-2025 20:00:29.558 INFO [main] org.apache.catalina.startup.VersionLoggerListener.log Архитектура:           amd64
07-Dec-2025 20:00:29.558 INFO [main] org.apache.catalina.startup.VersionLoggerListener.log Java Home:             C:\Users\User\.jdks\openjdk-22.0.2
07-Dec-2025 20:00:29.558 INFO [main] org.apache.catalina.startup.VersionLoggerListener.log Версия JVM:            22.0.2+9-70
07-Dec-2025 20:00:29.559 INFO [main] org.apache.catalina.startup.VersionLoggerListener.log Производитель JVM:     Oracle Corporation
07-Dec-2025 20:00:29.559 INFO [main] org.apache.catalina.startup.VersionLoggerListener.log CATALINA_BASE:         C:\Users\User\IdeaProjects\TourAgency2
07-Dec-2025 20:00:29.559 INFO [main] org.apache.catalina.startup.VersionLoggerListener.log CATALINA_HOME:         C:\Users\User\Tomcat\apache-tomcat-11.0.14
07-Dec-2025 20:00:29.578 INFO [main] org.apache.catalina.startup.VersionLoggerListener.log Command line argument: --add-opens=java.base/java.lang=ALL-UNNAMED
07-Dec-2025 20:00:29.578 INFO [main] org.apache.catalina.startup.VersionLoggerListener.log Command line argument: --add-opens=java.base/java.io=ALL-UNNAMED
07-Dec-2025 20:00:29.578 INFO [main] org.apache.catalina.startup.VersionLoggerListener.log Command line argument: --add-opens=java.base/java.util=ALL-UNNAMED
07-Dec-2025 20:00:29.579 INFO [main] org.apache.catalina.startup.VersionLoggerListener.log Command line argument: --add-opens=java.base/java.util.concurrent=ALL-UNNAMED
07-Dec-2025 20:00:29.579 INFO [main] org.apache.catalina.startup.VersionLoggerListener.log Command line argument: --add-opens=java.rmi/sun.rmi.transport=ALL-UNNAMED
07-Dec-2025 20:00:29.579 INFO [main] org.apache.catalina.startup.VersionLoggerListener.log Command line argument: -Dcatalina.home=C:\Users\User\Tomcat\apache-tomcat-11.0.14
07-Dec-2025 20:00:29.579 INFO [main] org.apache.catalina.startup.VersionLoggerListener.log Command line argument: -Dcatalina.base=C:\Users\User\IdeaProjects\TourAgency2
07-Dec-2025 20:00:29.580 INFO [main] org.apache.catalina.startup.VersionLoggerListener.log Command line argument: -Djava.io.tmpdir=C:\Users\User\IdeaProjects\TourAgency2\temp
07-Dec-2025 20:00:29.580 INFO [main] org.apache.catalina.startup.VersionLoggerListener.log Command line argument: -Djava.util.logging.config.file=C:\Users\User\IdeaProjects\TourAgency2\conf\logging.properties
07-Dec-2025 20:00:29.580 INFO [main] org.apache.catalina.startup.VersionLoggerListener.log Command line argument: -Djava.util.logging.manager=org.apache.juli.ClassLoaderLogManager
07-Dec-2025 20:00:29.581 INFO [main] org.apache.catalina.startup.VersionLoggerListener.log Command line argument: -javaagent:D:\IntelliJ IDEA Community Edition 2024.2.1\lib\idea_rt.jar=50413:D:\IntelliJ IDEA Community Edition 2024.2.1\bin
07-Dec-2025 20:00:29.581 INFO [main] org.apache.catalina.startup.VersionLoggerListener.log Command line argument: -Dfile.encoding=UTF-8
07-Dec-2025 20:00:29.581 INFO [main] org.apache.catalina.startup.VersionLoggerListener.log Command line argument: -Dsun.stdout.encoding=UTF-8
07-Dec-2025 20:00:29.581 INFO [main] org.apache.catalina.startup.VersionLoggerListener.log Command line argument: -Dsun.stderr.encoding=UTF-8
07-Dec-2025 20:00:29.593 INFO [main] org.apache.catalina.core.AprLifecycleListener.lifecycleEvent The Apache Tomcat Native library which allows using OpenSSL was not found on the java.library.path: [C:\Users\User\.jdks\openjdk-22.0.2\bin;C:\WINDOWS\Sun\Java\bin;C:\WINDOWS\system32;C:\WINDOWS;C:\Program Files\Common Files\Oracle\Java\javapath;C:\Program Files (x86)\Common Files\Oracle\Java\javapath;C:\Program Files\Microsoft\jdk-11.0.16.101-hotspot\bin;C:\WINDOWS\system32;C:\WINDOWS;C:\WINDOWS\System32\Wbem;C:\WINDOWS\System32\WindowsPowerShell\v1.0\;C:\WINDOWS\System32\OpenSSH\;C:\Program Files\Microsoft SQL Server\Client SDK\ODBC\170\Tools\Binn\;C:\Program Files\dotnet\;C:\Program Files\PuTTY\;D:\Git\cmd;C:\Node.js\node-v22.20.0-win-x64;D:\cursor\resources\app\bin;D:\Node.js\node-v22.20.0-win-x64\node.exe;D:\Microsoft VS Code\bin;C:\Program Files\Java\jre-1.8\bin;D:\Kiro\bin;.]
07-Dec-2025 20:00:30.253 INFO [main] org.apache.coyote.AbstractProtocol.init Инициализация ProtocolHandler ["http-nio-8080"]
07-Dec-2025 20:00:30.282 INFO [main] org.apache.catalina.startup.Catalina.load Server initialization in [1195] milliseconds
07-Dec-2025 20:00:30.372 INFO [main] org.apache.catalina.core.StandardService.startInternal Starting service [Catalina]
07-Dec-2025 20:00:30.372 INFO [main] org.apache.catalina.core.StandardEngine.startInternal Starting Servlet engine: [Apache Tomcat/11.0.14]
07-Dec-2025 20:00:30.394 INFO [main] org.apache.catalina.startup.HostConfig.deployDescriptor Deploying deployment descriptor [C:\Users\User\IdeaProjects\TourAgency2\conf\Catalina\localhost\TourAgency2.xml]
07-Dec-2025 20:00:32.102 INFO [main] org.apache.jasper.servlet.TldScanner.scanJars At least one JAR was scanned for TLDs yet contained no TLDs. Enable debug logging for this logger for a complete list of JARs that were scanned but no TLDs were found in them. Skipping unneeded JARs during scanning can improve startup time and JSP compilation time.
07-Dec-2025 20:00:32.234 INFO [main] org.apache.catalina.startup.HostConfig.deployDescriptor Deployment of deployment descriptor [C:\Users\User\IdeaProjects\TourAgency2\conf\Catalina\localhost\TourAgency2.xml] has finished in [1 837] ms
07-Dec-2025 20:00:32.241 INFO [main] org.apache.coyote.AbstractProtocol.start Starting ProtocolHandler ["http-nio-8080"]
07-Dec-2025 20:00:32.278 INFO [main] org.apache.catalina.startup.Catalina.start Server startup in [1994] milliseconds
07-Dec-2025 20:01:35.948 INFO [Thread-1] org.apache.coyote.AbstractProtocol.pause Pausing ProtocolHandler ["http-nio-8080"]
07-Dec-2025 20:01:35.963 INFO [Thread-1] org.apache.catalina.core.StandardService.stopInternal Stopping service [Catalina]
07-Dec-2025 20:01:35.970 WARNING [Thread-1] org.apache.catalina.loader.WebappClassLoaderBase.clearReferencesJdbc The web application [TourAgency2] registered the JDBC driver [org.postgresql.Driver] but failed to unregister it when the web application was stopped. To prevent a memory leak, the JDBC Driver has been forcibly unregistered.
07-Dec-2025 20:01:35.977 INFO [Thread-1] org.apache.coyote.AbstractProtocol.stop Stopping ProtocolHandler ["http-nio-8080"]
07-Dec-2025 20:01:35.983 INFO [Thread-1] org.apache.coyote.AbstractProtocol.destroy Destroying ProtocolHandler ["http-nio-8080"]
07-Dec-2025 20:04:12.887 INFO [main] org.apache.catalina.startup.VersionLoggerListener.log Имя версии сервера:    Apache Tomcat/11.0.14
07-Dec-2025 20:04:12.894 INFO [main] org.apache.catalina.startup.VersionLoggerListener.log Сервер собран:         Nov 5 2025 19:03:02 UTC
07-Dec-2025 20:04:12.895 INFO [main] org.apache.catalina.startup.VersionLoggerListener.log Номер версии сервера:  11.0.14.0
07-Dec-2025 20:04:12.895 INFO [main] org.apache.catalina.startup.VersionLoggerListener.log OS Name:               Windows 11
07-Dec-2025 20:04:12.895 INFO [main] org.apache.catalina.startup.VersionLoggerListener.log Версия ОС:             10.0
07-Dec-2025 20:04:12.896 INFO [main] org.apache.catalina.startup.VersionLoggerListener.log Архитектура:           amd64
07-Dec-2025 20:04:12.896 INFO [main] org.apache.catalina.startup.VersionLoggerListener.log Java Home:             C:\Users\User\.jdks\openjdk-22.0.2
07-Dec-2025 20:04:12.896 INFO [main] org.apache.catalina.startup.VersionLoggerListener.log Версия JVM:            22.0.2+9-70
07-Dec-2025 20:04:12.897 INFO [main] org.apache.catalina.startup.VersionLoggerListener.log Производитель JVM:     Oracle Corporation
07-Dec-2025 20:04:12.897 INFO [main] org.apache.catalina.startup.VersionLoggerListener.log CATALINA_BASE:         C:\Users\User\IdeaProjects\TourAgency2
07-Dec-2025 20:04:12.897 INFO [main] org.apache.catalina.startup.VersionLoggerListener.log CATALINA_HOME:         C:\Users\User\Tomcat\apache-tomcat-11.0.14
07-Dec-2025 20:04:12.913 INFO [main] org.apache.catalina.startup.VersionLoggerListener.log Command line argument: --add-opens=java.base/java.lang=ALL-UNNAMED
07-Dec-2025 20:04:12.913 INFO [main] org.apache.catalina.startup.VersionLoggerListener.log Command line argument: --add-opens=java.base/java.io=ALL-UNNAMED
07-Dec-2025 20:04:12.913 INFO [main] org.apache.catalina.startup.VersionLoggerListener.log Command line argument: --add-opens=java.base/java.util=ALL-UNNAMED
07-Dec-2025 20:04:12.913 INFO [main] org.apache.catalina.startup.VersionLoggerListener.log Command line argument: --add-opens=java.base/java.util.concurrent=ALL-UNNAMED
07-Dec-2025 20:04:12.914 INFO [main] org.apache.catalina.startup.VersionLoggerListener.log Command line argument: --add-opens=java.rmi/sun.rmi.transport=ALL-UNNAMED
07-Dec-2025 20:04:12.914 INFO [main] org.apache.catalina.startup.VersionLoggerListener.log Command line argument: -Dcatalina.home=C:\Users\User\Tomcat\apache-tomcat-11.0.14
07-Dec-2025 20:04:12.914 INFO [main] org.apache.catalina.startup.VersionLoggerListener.log Command line argument: -Dcatalina.base=C:\Users\User\IdeaProjects\TourAgency2
07-Dec-2025 20:04:12.914 INFO [main] org.apache.catalina.startup.VersionLoggerListener.log Command line argument: -Djava.io.tmpdir=C:\Users\User\IdeaProjects\TourAgency2\temp
07-Dec-2025 20:04:12.914 INFO [main] org.apache.catalina.startup.VersionLoggerListener.log Command line argument: -Djava.util.logging.config.file=C:\Users\User\IdeaProjects\TourAgency2\conf\logging.properties
07-Dec-2025 20:04:12.915 INFO [main] org.apache.catalina.startup.VersionLoggerListener.log Command line argument: -Djava.util.logging.manager=org.apache.juli.ClassLoaderLogManager
07-Dec-2025 20:04:12.915 INFO [main] org.apache.catalina.startup.VersionLoggerListener.log Command line argument: -javaagent:D:\IntelliJ IDEA Community Edition 2024.2.1\lib\idea_rt.jar=50506:D:\IntelliJ IDEA Community Edition 2024.2.1\bin
07-Dec-2025 20:04:12.915 INFO [main] org.apache.catalina.startup.VersionLoggerListener.log Command line argument: -Dfile.encoding=UTF-8
07-Dec-2025 20:04:12.915 INFO [main] org.apache.catalina.startup.VersionLoggerListener.log Command line argument: -Dsun.stdout.encoding=UTF-8
07-Dec-2025 20:04:12.915 INFO [main] org.apache.catalina.startup.VersionLoggerListener.log Command line argument: -Dsun.stderr.encoding=UTF-8
07-Dec-2025 20:04:12.924 INFO [main] org.apache.catalina.core.AprLifecycleListener.lifecycleEvent The Apache Tomcat Native library which allows using OpenSSL was not found on the java.library.path: [C:\Users\User\.jdks\openjdk-22.0.2\bin;C:\WINDOWS\Sun\Java\bin;C:\WINDOWS\system32;C:\WINDOWS;C:\Program Files\Common Files\Oracle\Java\javapath;C:\Program Files (x86)\Common Files\Oracle\Java\javapath;C:\Program Files\Microsoft\jdk-11.0.16.101-hotspot\bin;C:\WINDOWS\system32;C:\WINDOWS;C:\WINDOWS\System32\Wbem;C:\WINDOWS\System32\WindowsPowerShell\v1.0\;C:\WINDOWS\System32\OpenSSH\;C:\Program Files\Microsoft SQL Server\Client SDK\ODBC\170\Tools\Binn\;C:\Program Files\dotnet\;C:\Program Files\PuTTY\;D:\Git\cmd;C:\Node.js\node-v22.20.0-win-x64;D:\cursor\resources\app\bin;D:\Node.js\node-v22.20.0-win-x64\node.exe;D:\Microsoft VS Code\bin;C:\Program Files\Java\jre-1.8\bin;D:\Kiro\bin;.]
07-Dec-2025 20:04:13.436 INFO [main] org.apache.coyote.AbstractProtocol.init Инициализация ProtocolHandler ["http-nio-8080"]
07-Dec-2025 20:04:13.466 INFO [main] org.apache.catalina.startup.Catalina.load Server initialization in [981] milliseconds
07-Dec-2025 20:04:13.553 INFO [main] org.apache.catalina.core.StandardService.startInternal Starting service [Catalina]
07-Dec-2025 20:04:13.553 INFO [main] org.apache.catalina.core.StandardEngine.startInternal Starting Servlet engine: [Apache Tomcat/11.0.14]
07-Dec-2025 20:04:13.570 INFO [main] org.apache.catalina.startup.HostConfig.deployDescriptor Deploying deployment descriptor [C:\Users\User\IdeaProjects\TourAgency2\conf\Catalina\localhost\TourAgency2.xml]
07-Dec-2025 20:04:15.293 INFO [main] org.apache.jasper.servlet.TldScanner.scanJars At least one JAR was scanned for TLDs yet contained no TLDs. Enable debug logging for this logger for a complete list of JARs that were scanned but no TLDs were found in them. Skipping unneeded JARs during scanning can improve startup time and JSP compilation time.
07-Dec-2025 20:04:15.434 INFO [main] org.apache.catalina.startup.HostConfig.deployDescriptor Deployment of deployment descriptor [C:\Users\User\IdeaProjects\TourAgency2\conf\Catalina\localhost\TourAgency2.xml] has finished in [1 859] ms
07-Dec-2025 20:04:15.440 INFO [main] org.apache.coyote.AbstractProtocol.start Starting ProtocolHandler ["http-nio-8080"]
07-Dec-2025 20:04:15.474 INFO [main] org.apache.catalina.startup.Catalina.start Server startup in [2005] milliseconds
07-Dec-2025 20:05:04.420 INFO [Thread-1] org.apache.coyote.AbstractProtocol.pause Pausing ProtocolHandler ["http-nio-8080"]
07-Dec-2025 20:05:04.434 INFO [Thread-1] org.apache.catalina.core.StandardService.stopInternal Stopping service [Catalina]
07-Dec-2025 20:05:04.441 WARNING [Thread-1] org.apache.catalina.loader.WebappClassLoaderBase.clearReferencesJdbc The web application [TourAgency2] registered the JDBC driver [org.postgresql.Driver] but failed to unregister it when the web application was stopped. To prevent a memory leak, the JDBC Driver has been forcibly unregistered.
07-Dec-2025 20:05:04.455 INFO [Thread-1] org.apache.coyote.AbstractProtocol.stop Stopping ProtocolHandler ["http-nio-8080"]
07-Dec-2025 20:05:04.469 INFO [Thread-1] org.apache.coyote.AbstractProtocol.destroy Destroying ProtocolHandler ["http-nio-8080"]
07-Dec-2025 20:08:01.704 INFO [main] org.apache.catalina.startup.VersionLoggerListener.log Имя версии сервера:    Apache Tomcat/11.0.14
07-Dec-2025 20:08:01.710 INFO [main] org.apache.catalina.startup.VersionLoggerListener.log Сервер собран:         Nov 5 2025 19:03:02 UTC
07-Dec-2025 20:08:01.711 INFO [main] org.apache.catalina.startup.VersionLoggerListener.log Номер версии сервера:  11.0.14.0
07-Dec-2025 20:08:01.711 INFO [main] org.apache.catalina.startup.VersionLoggerListener.log OS Name:               Windows 11
07-Dec-2025 20:08:01.711 INFO [main] org.apache.catalina.startup.VersionLoggerListener.log Версия ОС:             10.0
07-Dec-2025 20:08:01.711 INFO [main] org.apache.catalina.startup.VersionLoggerListener.log Архитектура:           amd64
07-Dec-2025 20:08:01.711 INFO [main] org.apache.catalina.startup.VersionLoggerListener.log Java Home:             C:\Users\User\.jdks\openjdk-22.0.2
07-Dec-2025 20:08:01.711 INFO [main] org.apache.catalina.startup.VersionLoggerListener.log Версия JVM:            22.0.2+9-70
07-Dec-2025 20:08:01.712 INFO [main] org.apache.catalina.startup.VersionLoggerListener.log Производитель JVM:     Oracle Corporation
07-Dec-2025 20:08:01.712 INFO [main] org.apache.catalina.startup.VersionLoggerListener.log CATALINA_BASE:         C:\Users\User\IdeaProjects\TourAgency2
07-Dec-2025 20:08:01.712 INFO [main] org.apache.catalina.startup.VersionLoggerListener.log CATALINA_HOME:         C:\Users\User\Tomcat\apache-tomcat-11.0.14
07-Dec-2025 20:08:01.726 INFO [main] org.apache.catalina.startup.VersionLoggerListener.log Command line argument: --add-opens=java.base/java.lang=ALL-UNNAMED
07-Dec-2025 20:08:01.726 INFO [main] org.apache.catalina.startup.VersionLoggerListener.log Command line argument: --add-opens=java.base/java.io=ALL-UNNAMED
07-Dec-2025 20:08:01.726 INFO [main] org.apache.catalina.startup.VersionLoggerListener.log Command line argument: --add-opens=java.base/java.util=ALL-UNNAMED
07-Dec-2025 20:08:01.726 INFO [main] org.apache.catalina.startup.VersionLoggerListener.log Command line argument: --add-opens=java.base/java.util.concurrent=ALL-UNNAMED
07-Dec-2025 20:08:01.727 INFO [main] org.apache.catalina.startup.VersionLoggerListener.log Command line argument: --add-opens=java.rmi/sun.rmi.transport=ALL-UNNAMED
07-Dec-2025 20:08:01.727 INFO [main] org.apache.catalina.startup.VersionLoggerListener.log Command line argument: -Dcatalina.home=C:\Users\User\Tomcat\apache-tomcat-11.0.14
07-Dec-2025 20:08:01.727 INFO [main] org.apache.catalina.startup.VersionLoggerListener.log Command line argument: -Dcatalina.base=C:\Users\User\IdeaProjects\TourAgency2
07-Dec-2025 20:08:01.727 INFO [main] org.apache.catalina.startup.VersionLoggerListener.log Command line argument: -Djava.io.tmpdir=C:\Users\User\IdeaProjects\TourAgency2\temp
07-Dec-2025 20:08:01.727 INFO [main] org.apache.catalina.startup.VersionLoggerListener.log Command line argument: -Djava.util.logging.config.file=C:\Users\User\IdeaProjects\TourAgency2\conf\logging.properties
07-Dec-2025 20:08:01.727 INFO [main] org.apache.catalina.startup.VersionLoggerListener.log Command line argument: -Djava.util.logging.manager=org.apache.juli.ClassLoaderLogManager
07-Dec-2025 20:08:01.728 INFO [main] org.apache.catalina.startup.VersionLoggerListener.log Command line argument: -javaagent:D:\IntelliJ IDEA Community Edition 2024.2.1\lib\idea_rt.jar=50618:D:\IntelliJ IDEA Community Edition 2024.2.1\bin
07-Dec-2025 20:08:01.728 INFO [main] org.apache.catalina.startup.VersionLoggerListener.log Command line argument: -Dfile.encoding=UTF-8
07-Dec-2025 20:08:01.728 INFO [main] org.apache.catalina.startup.VersionLoggerListener.log Command line argument: -Dsun.stdout.encoding=UTF-8
07-Dec-2025 20:08:01.728 INFO [main] org.apache.catalina.startup.VersionLoggerListener.log Command line argument: -Dsun.stderr.encoding=UTF-8
07-Dec-2025 20:08:01.736 INFO [main] org.apache.catalina.core.AprLifecycleListener.lifecycleEvent The Apache Tomcat Native library which allows using OpenSSL was not found on the java.library.path: [C:\Users\User\.jdks\openjdk-22.0.2\bin;C:\WINDOWS\Sun\Java\bin;C:\WINDOWS\system32;C:\WINDOWS;C:\Program Files\Common Files\Oracle\Java\javapath;C:\Program Files (x86)\Common Files\Oracle\Java\javapath;C:\Program Files\Microsoft\jdk-11.0.16.101-hotspot\bin;C:\WINDOWS\system32;C:\WINDOWS;C:\WINDOWS\System32\Wbem;C:\WINDOWS\System32\WindowsPowerShell\v1.0\;C:\WINDOWS\System32\OpenSSH\;C:\Program Files\Microsoft SQL Server\Client SDK\ODBC\170\Tools\Binn\;C:\Program Files\dotnet\;C:\Program Files\PuTTY\;D:\Git\cmd;C:\Node.js\node-v22.20.0-win-x64;D:\cursor\resources\app\bin;D:\Node.js\node-v22.20.0-win-x64\node.exe;D:\Microsoft VS Code\bin;C:\Program Files\Java\jre-1.8\bin;D:\Kiro\bin;.]
07-Dec-2025 20:08:02.268 INFO [main] org.apache.coyote.AbstractProtocol.init Инициализация ProtocolHandler ["http-nio-8080"]
07-Dec-2025 20:08:02.299 INFO [main] org.apache.catalina.startup.Catalina.load Server initialization in [970] milliseconds
07-Dec-2025 20:08:02.383 INFO [main] org.apache.catalina.core.StandardService.startInternal Starting service [Catalina]
07-Dec-2025 20:08:02.384 INFO [main] org.apache.catalina.core.StandardEngine.startInternal Starting Servlet engine: [Apache Tomcat/11.0.14]
07-Dec-2025 20:08:02.402 INFO [main] org.apache.catalina.startup.HostConfig.deployDescriptor Deploying deployment descriptor [C:\Users\User\IdeaProjects\TourAgency2\conf\Catalina\localhost\TourAgency2.xml]
07-Dec-2025 20:08:04.186 INFO [main] org.apache.jasper.servlet.TldScanner.scanJars At least one JAR was scanned for TLDs yet contained no TLDs. Enable debug logging for this logger for a complete list of JARs that were scanned but no TLDs were found in them. Skipping unneeded JARs during scanning can improve startup time and JSP compilation time.
07-Dec-2025 20:08:04.341 INFO [main] org.apache.catalina.startup.HostConfig.deployDescriptor Deployment of deployment descriptor [C:\Users\User\IdeaProjects\TourAgency2\conf\Catalina\localhost\TourAgency2.xml] has finished in [1 934] ms
07-Dec-2025 20:08:04.347 INFO [main] org.apache.coyote.AbstractProtocol.start Starting ProtocolHandler ["http-nio-8080"]
07-Dec-2025 20:08:04.385 INFO [main] org.apache.catalina.startup.Catalina.start Server startup in [2084] milliseconds
07-Dec-2025 20:09:16.065 INFO [Thread-1] org.apache.coyote.AbstractProtocol.pause Pausing ProtocolHandler ["http-nio-8080"]
07-Dec-2025 20:09:16.072 INFO [Thread-1] org.apache.catalina.core.StandardService.stopInternal Stopping service [Catalina]
07-Dec-2025 20:09:16.078 WARNING [Thread-1] org.apache.catalina.loader.WebappClassLoaderBase.clearReferencesJdbc The web application [TourAgency2] registered the JDBC driver [org.postgresql.Driver] but failed to unregister it when the web application was stopped. To prevent a memory leak, the JDBC Driver has been forcibly unregistered.
07-Dec-2025 20:09:16.092 INFO [Thread-1] org.apache.coyote.AbstractProtocol.stop Stopping ProtocolHandler ["http-nio-8080"]
07-Dec-2025 20:09:16.106 INFO [Thread-1] org.apache.coyote.AbstractProtocol.destroy Destroying ProtocolHandler ["http-nio-8080"]
